"name";"id";"systemid";"executiontime";"executioninmiliseconds"
"bicing";"1049";"7";"2020-08-28T10:15:01.779825Z";"1761"
"bicing";"942";"7";"2020-08-28T08:50:05.621197Z";"5592"
"bicing";"1256";"7";"2020-08-28T13:00:01.86776Z";"1834"
"bicing";"1209";"7";"2020-08-28T12:25:01.695748Z";"1663"
"bicing";"1488";"7";"2020-08-28T15:55:04.720077Z";"4702"
"bicing";"729";"7";"2020-08-28T06:05:01.998451Z";"1970"
"bicing";"947";"7";"2020-08-28T08:55:01.714182Z";"1696"
"bicing";"1197";"7";"2020-08-28T12:15:02.132507Z";"2100"
"bicing";"1149";"7";"2020-08-28T11:35:01.734364Z";"1728"
"bicing";"1354";"7";"2020-08-28T14:15:01.947752Z";"1920"
"bicing";"624";"7";"2020-08-28T04:45:02.457662Z";"2431"
"bicing";"1405";"7";"2020-08-28T14:50:05.194139Z";"5177"
"bicing";"953";"7";"2020-08-28T09:00:04.798805Z";"4788"
"bicing";"1430";"7";"2020-08-28T15:15:01.699092Z";"1686"
"bicing";"1347";"7";"2020-08-28T14:10:01.726304Z";"1716"
"bicing";"1344";"7";"2020-08-28T14:05:04.436094Z";"4421"
"bicing";"1270";"7";"2020-08-28T13:10:01.790547Z";"1777"
"bicing";"1158";"7";"2020-08-28T11:45:01.737725Z";"1723"
"bicing";"673";"7";"2020-08-28T05:20:06.374331Z";"6357"
"bicing";"960";"7";"2020-08-28T09:05:03.543042Z";"3520"
"bicing";"414";"7";"2020-08-28T02:00:04.083592Z";"4064"
"bicing";"1429";"7";"2020-08-28T15:10:06.152633Z";"6130"
"bicing";"538";"7";"2020-08-28T03:40:03.990877Z";"3977"
"bicing";"1052";"7";"2020-08-28T10:20:01.695024Z";"1678"
"bicing";"965";"7";"2020-08-28T09:10:01.669923Z";"1664"
"bicing";"631";"7";"2020-08-28T04:50:01.86056Z";"1821"
"bicing";"99";"7";"2020-08-27T21:55:01.722402Z";"1687"
"bicing";"60";"7";"2020-08-27T21:25:01.749656Z";"1727"
"bicing";"354";"7";"2020-08-28T01:10:04.915105Z";"4895"
"bicing";"1454";"7";"2020-08-28T15:30:02.328897Z";"2296"
"bicing";"54";"7";"2020-08-27T21:20:01.786273Z";"1740"
"bicing";"150";"7";"2020-08-27T22:35:04.135866Z";"4130"
"bicing";"1076";"7";"2020-08-28T10:35:05.235714Z";"5226"
"bicing";"736";"7";"2020-08-28T06:10:01.66293Z";"1649"
"bicing";"65";"7";"2020-08-27T21:30:01.811393Z";"1772"
"bicing";"592";"7";"2020-08-28T04:20:03.413102Z";"3400"
"bicing";"20";"7";"2020-08-27T20:55:04.020575Z";"4006"
"bicing";"333";"7";"2020-08-28T00:55:01.832671Z";"1797"
"bicing";"972";"7";"2020-08-28T09:15:04.927808Z";"4914"
"bicing";"1249";"7";"2020-08-28T12:55:03.652119Z";"3640"
"bicing";"168";"7";"2020-08-27T22:50:01.796027Z";"1778"
"bicing";"587";"7";"2020-08-28T04:15:06.05123Z";"6034"
"bicing";"745";"7";"2020-08-28T06:15:03.441372Z";"3432"
"bicing";"116";"7";"2020-08-27T22:10:04.743838Z";"4728"
"bicing";"1122";"7";"2020-08-28T11:15:01.779437Z";"1739"
"bicing";"326";"7";"2020-08-28T00:50:01.827176Z";"1800"
"bicing";"749";"7";"2020-08-28T06:20:03.725744Z";"3712"
"bicing";"1338";"7";"2020-08-28T14:00:01.958466Z";"1946"
"bicing";"345";"7";"2020-08-28T01:05:06.60305Z";"6584"
"bicing";"1080";"7";"2020-08-28T10:40:01.754871Z";"1737"
"bicing";"323";"7";"2020-08-28T00:45:05.242938Z";"5227"
"bicing";"754";"7";"2020-08-28T06:25:02.047065Z";"2026"
"bicing";"1235";"7";"2020-08-28T12:45:03.954396Z";"3938"
"bicing";"578";"7";"2020-08-28T04:10:01.729683Z";"1696"
"bicing";"978";"7";"2020-08-28T09:20:04.371842Z";"4345"
"bicing";"1109";"7";"2020-08-28T11:05:01.768138Z";"1743"
"bicing";"759";"7";"2020-08-28T06:30:03.789127Z";"3758"
"bicing";"93";"7";"2020-08-27T21:50:01.896397Z";"1869"
"bicing";"50";"7";"2020-08-27T21:15:04.327198Z";"4315"
"bicing";"314";"7";"2020-08-28T00:40:01.793182Z";"1779"
"bicing";"763";"7";"2020-08-28T06:35:01.721399Z";"1705"
"bicing";"28";"7";"2020-08-27T21:00:01.726569Z";"1704"
"bicing";"1330";"7";"2020-08-28T13:55:02.770291Z";"2757"
"bicing";"1085";"7";"2020-08-28T10:45:01.625633Z";"1607"
"bicing";"1102";"7";"2020-08-28T11:00:06.726947Z";"6708"
"bicing";"983";"7";"2020-08-28T09:25:01.754128Z";"1749"
"bicing";"769";"7";"2020-08-28T06:40:01.650945Z";"1627"
"bicing";"710";"7";"2020-08-28T05:50:01.696143Z";"1685"
"bicing";"1154";"7";"2020-08-28T11:40:03.997892Z";"3980"
"bicing";"307";"7";"2020-08-28T00:35:01.725498Z";"1721"
"bicing";"1470";"7";"2020-08-28T15:40:03.375513Z";"3355"
"bicing";"408";"7";"2020-08-28T01:55:03.563334Z";"3542"
"bicing";"641";"7";"2020-08-28T04:55:03.651971Z";"3640"
"bicing";"301";"7";"2020-08-28T00:30:05.807936Z";"5785"
"bicing";"777";"7";"2020-08-28T06:45:01.786489Z";"1763"
"bicing";"989";"7";"2020-08-28T09:30:01.812154Z";"1780"
"bicing";"1463";"7";"2020-08-28T15:35:01.950843Z";"1933"
"bicing";"13";"7";"2020-08-27T20:53:10.455672Z";"3478"
"bicing";"548";"7";"2020-08-28T03:45:08.348006Z";"8316"
"bicing";"686";"7";"2020-08-28T05:30:06.222883Z";"6204"
"bicing";"688";"7";"2020-08-28T05:35:01.915027Z";"1894"
"bicing";"721";"7";"2020-08-28T06:00:03.246746Z";"3234"
"bicing";"785";"7";"2020-08-28T06:50:02.783693Z";"2771"
"bicing";"646";"7";"2020-08-28T05:00:03.67013Z";"3664"
"bicing";"121";"7";"2020-08-27T22:15:03.750476Z";"3732"
"bicing";"187";"7";"2020-08-27T23:05:01.712057Z";"1705"
"bicing";"291";"7";"2020-08-28T00:25:01.771335Z";"1766"
"bicing";"790";"7";"2020-08-28T06:55:01.693077Z";"1688"
"bicing";"1321";"7";"2020-08-28T13:50:01.827641Z";"1806"
"bicing";"1091";"7";"2020-08-28T10:50:03.014458Z";"2995"
"bicing";"997";"7";"2020-08-28T09:35:02.457275Z";"2443"
"bicing";"286";"7";"2020-08-28T00:20:02.65713Z";"2646"
"bicing";"505";"7";"2020-08-28T03:10:05.304989Z";"5277"
"bicing";"46";"7";"2020-08-27T21:10:03.926455Z";"3911"
"bicing";"797";"7";"2020-08-28T07:00:01.857114Z";"1798"
"bicing";"1276";"7";"2020-08-28T13:15:03.42255Z";"3411"
"bicing";"500";"7";"2020-08-28T03:05:03.376744Z";"3348"
"bicing";"5";"7";"2020-08-27T20:45:04.332248Z";"4145"
"bicing";"282";"7";"2020-08-28T00:15:04.014697Z";"3979"
"bicing";"1397";"7";"2020-08-28T14:45:05.699913Z";"5690"
"bicing";"803";"7";"2020-08-28T07:05:02.266212Z";"2222"
"bicing";"161";"7";"2020-08-27T22:45:01.769612Z";"1747"
"bicing";"201";"7";"2020-08-27T23:15:03.416141Z";"3404"
"bicing";"569";"7";"2020-08-28T04:00:03.935072Z";"3906"
"bicing";"276";"7";"2020-08-28T00:10:04.454619Z";"4436"
"bicing";"154";"7";"2020-08-27T22:40:01.907111Z";"1890"
"bicing";"1004";"7";"2020-08-28T09:40:02.760231Z";"2752"
"bicing";"1182";"7";"2020-08-28T12:00:01.769725Z";"1750"
"bicing";"811";"7";"2020-08-28T07:10:01.959689Z";"1923"
"bicing";"1223";"7";"2020-08-28T12:35:01.787459Z";"1774"
"bicing";"649";"7";"2020-08-28T05:05:03.315829Z";"3294"
"bicing";"1201";"7";"2020-08-28T12:20:01.652453Z";"1644"
"bicing";"1175";"7";"2020-08-28T11:55:01.72815Z";"1723"
"bicing";"405";"7";"2020-08-28T01:50:03.639731Z";"3605"
"bicing";"817";"7";"2020-08-28T07:15:01.699368Z";"1673"
"bicing";"1009";"7";"2020-08-28T09:45:01.629294Z";"1606"
"bicing";"1443";"7";"2020-08-28T15:25:02.109026Z";"2058"
"bicing";"510";"7";"2020-08-28T03:15:03.52798Z";"3518"
"bicing";"457";"7";"2020-08-28T02:30:04.495449Z";"4490"
"bicing";"1188";"7";"2020-08-28T12:05:01.668812Z";"1654"
"bicing";"512";"7";"2020-08-28T03:20:03.316659Z";"3298"
"bicing";"1131";"7";"2020-08-28T11:20:01.775888Z";"1751"
"bicing";"825";"7";"2020-08-28T07:20:01.713509Z";"1709"
"bicing";"1165";"7";"2020-08-28T11:50:03.896697Z";"3886"
"bicing";"1313";"7";"2020-08-28T13:45:01.763887Z";"1741"
"bicing";"268";"7";"2020-08-28T00:05:01.727869Z";"1705"
"bicing";"471";"7";"2020-08-28T02:45:01.939639Z";"1893"
"bicing";"127";"7";"2020-08-27T22:20:01.730533Z";"1697"
"bicing";"1308";"7";"2020-08-28T13:40:04.360222Z";"4346"
"bicing";"370";"7";"2020-08-28T01:25:03.759176Z";"3738"
"bicing";"833";"7";"2020-08-28T07:25:04.332479Z";"4328"
"bicing";"1016";"7";"2020-08-28T09:50:03.717063Z";"3713"
"bicing";"264";"7";"2020-08-28T00:00:06.778922Z";"6762"
"bicing";"836";"7";"2020-08-28T07:30:02.720884Z";"2695"
"bicing";"399";"7";"2020-08-28T01:45:03.761261Z";"3730"
"bicing";"183";"7";"2020-08-27T23:00:04.084796Z";"4043"
"bicing";"1263";"7";"2020-08-28T13:05:01.973368Z";"1955"
"bicing";"1194";"7";"2020-08-28T12:10:04.649093Z";"4625"
"bicing";"450";"7";"2020-08-28T02:25:05.783264Z";"5707"
"bicing";"842";"7";"2020-08-28T07:35:01.712133Z";"1677"
"bicing";"572";"7";"2020-08-28T04:05:06.466471Z";"6459"
"bicing";"366";"7";"2020-08-28T01:20:05.887333Z";"5867"
"bicing";"1506";"7";"2020-08-28T16:10:03.467501Z";"3454"
"bicing";"1022";"7";"2020-08-28T09:55:03.76143Z";"3751"
"bicing";"256";"7";"2020-08-27T23:55:03.734548Z";"3722"
"bicing";"564";"7";"2020-08-28T03:55:04.038624Z";"4018"
"bicing";"714";"7";"2020-08-28T05:55:01.705095Z";"1695"
"bicing";"850";"7";"2020-08-28T07:40:01.822333Z";"1757"
"bicing";"1301";"7";"2020-08-28T13:35:02.101252Z";"2094"
"bicing";"1217";"7";"2020-08-28T12:30:02.053271Z";"2010"
"bicing";"103";"7";"2020-08-27T22:00:01.872111Z";"1835"
"bicing";"494";"7";"2020-08-28T03:00:04.652379Z";"4633"
"bicing";"246";"7";"2020-08-27T23:50:01.70771Z";"1689"
"bicing";"856";"7";"2020-08-28T07:45:01.889809Z";"1871"
"bicing";"466";"7";"2020-08-28T02:40:04.736397Z";"4711"
"bicing";"1481";"7";"2020-08-28T15:50:02.496925Z";"2468"
"bicing";"519";"7";"2020-08-28T03:25:01.711251Z";"1695"
"bicing";"659";"7";"2020-08-28T05:10:03.130158Z";"3110"
"bicing";"83";"7";"2020-08-27T21:40:05.42179Z";"5403"
"bicing";"391";"7";"2020-08-28T01:40:03.826234Z";"3801"
"bicing";"863";"7";"2020-08-28T07:50:07.018205Z";"7011"
"bicing";"1137";"7";"2020-08-28T11:25:01.67194Z";"1659"
"bicing";"239";"7";"2020-08-27T23:45:01.791185Z";"1786"
"bicing";"1030";"7";"2020-08-28T10:00:04.160637Z";"4135"
"bicing";"663";"7";"2020-08-28T05:15:01.706637Z";"1680"
"bicing";"1241";"7";"2020-08-28T12:50:01.935617Z";"1930"
"bicing";"869";"7";"2020-08-28T07:55:06.553821Z";"6537"
"bicing";"556";"7";"2020-08-28T03:50:02.957439Z";"2927"
"bicing";"697";"7";"2020-08-28T05:40:03.912712Z";"3901"
"bicing";"7";"7";"2020-08-27T20:50:02.518498Z";"2493"
"bicing";"234";"7";"2020-08-27T23:40:01.680441Z";"1660"
"bicing";"230";"7";"2020-08-27T23:35:05.629891Z";"5621"
"bicing";"875";"7";"2020-08-28T08:00:01.725916Z";"1716"
"bicing";"112";"7";"2020-08-27T22:05:03.683482Z";"3661"
"bicing";"1035";"7";"2020-08-28T10:05:01.699928Z";"1663"
"bicing";"74";"7";"2020-08-27T21:35:04.022052Z";"4003"
"bicing";"135";"7";"2020-08-27T22:25:01.791673Z";"1769"
"bicing";"880";"7";"2020-08-28T08:05:01.708672Z";"1679"
"bicing";"1296";"7";"2020-08-28T13:30:03.711098Z";"3686"
"bicing";"1473";"7";"2020-08-28T15:45:01.775188Z";"1760"
"bicing";"1516";"7";"2020-08-28T16:20:05.505455Z";"5501"
"bicing";"1419";"7";"2020-08-28T15:05:01.807235Z";"1803"
"bicing";"37";"7";"2020-08-27T21:05:01.882327Z";"1859"
"bicing";"223";"7";"2020-08-27T23:30:08.381287Z";"8357"
"bicing";"385";"7";"2020-08-28T01:35:07.216186Z";"7211"
"bicing";"486";"7";"2020-08-28T02:55:02.37252Z";"2345"
"bicing";"1288";"7";"2020-08-28T13:25:01.860197Z";"1850"
"bicing";"890";"7";"2020-08-28T08:10:01.843783Z";"1824"
"bicing";"444";"7";"2020-08-28T02:20:05.42492Z";"5405"
"bicing";"218";"7";"2020-08-27T23:25:07.65913Z";"7650"
"bicing";"1437";"7";"2020-08-28T15:20:02.139081Z";"2129"
"bicing";"1069";"7";"2020-08-28T10:30:04.000398Z";"3966"
"bicing";"895";"7";"2020-08-28T08:15:01.925875Z";"1858"
"bicing";"1142";"7";"2020-08-28T11:30:01.792256Z";"1779"
"bicing";"1061";"7";"2020-08-28T10:25:01.801837Z";"1782"
"bicing";"437";"7";"2020-08-28T02:15:03.693127Z";"3689"
"bicing";"1229";"7";"2020-08-28T12:40:03.968114Z";"3958"
"bicing";"599";"7";"2020-08-28T04:25:04.807365Z";"4794"
"bicing";"1511";"7";"2020-08-28T16:15:02.94258Z";"2919"
"bicing";"902";"7";"2020-08-28T08:20:01.833315Z";"1828"
"bicing";"527";"7";"2020-08-28T03:30:03.892269Z";"3876"
"bicing";"1496";"7";"2020-08-28T16:05:01.748752Z";"1736"
"bicing";"211";"7";"2020-08-27T23:20:07.294352Z";"7281"
"bicing";"906";"7";"2020-08-28T08:25:03.2378Z";"3233"
"bicing";"1282";"7";"2020-08-28T13:20:04.710245Z";"4681"
"bicing";"1387";"7";"2020-08-28T14:40:01.732658Z";"1711"
"bicing";"88";"7";"2020-08-27T21:45:01.807291Z";"1789"
"bicing";"175";"7";"2020-08-27T22:55:02.443089Z";"2433"
"bicing";"702";"7";"2020-08-28T05:45:01.800192Z";"1787"
"bicing";"912";"7";"2020-08-28T08:30:01.771699Z";"1762"
"bicing";"1046";"7";"2020-08-28T10:10:05.437914Z";"5432"
"bicing";"1095";"7";"2020-08-28T10:55:01.841122Z";"1780"
"bicing";"1381";"7";"2020-08-28T14:35:04.381139Z";"4329"
"bicing";"428";"7";"2020-08-28T02:10:03.855493Z";"3838"
"bicing";"1490";"7";"2020-08-28T16:00:02.017256Z";"2002"
"bicing";"1119";"7";"2020-08-28T11:10:06.843673Z";"6840"
"bicing";"1373";"7";"2020-08-28T14:30:01.694763Z";"1669"
"bicing";"920";"7";"2020-08-28T08:35:01.790526Z";"1763"
"bicing";"608";"7";"2020-08-28T04:30:03.61756Z";"3598"
"bicing";"1416";"7";"2020-08-28T15:00:01.971782Z";"1937"
"bicing";"340";"7";"2020-08-28T01:00:06.170528Z";"6154"
"bicing";"611";"7";"2020-08-28T04:35:01.68905Z";"1647"
"bicing";"377";"7";"2020-08-28T01:30:02.30962Z";"2304"
"bicing";"1366";"7";"2020-08-28T14:25:01.932062Z";"1906"
"bicing";"927";"7";"2020-08-28T08:40:01.772458Z";"1753"
"bicing";"360";"7";"2020-08-28T01:15:05.108244Z";"5071"
"bicing";"143";"7";"2020-08-27T22:30:01.74057Z";"1710"
"bicing";"678";"7";"2020-08-28T05:25:02.046634Z";"2018"
"bicing";"534";"7";"2020-08-28T03:35:03.938865Z";"3895"
"bicing";"196";"7";"2020-08-27T23:10:03.64758Z";"3601"
"bicing";"1523";"7";"2020-08-28T16:25:01.904502Z";"1882"
"bicing";"478";"7";"2020-08-28T02:50:06.010329Z";"5993"
"bicing";"935";"7";"2020-08-28T08:45:06.026044Z";"6004"
"bicing";"421";"7";"2020-08-28T02:05:03.547149Z";"3537"
"bicing";"1409";"7";"2020-08-28T14:55:01.786836Z";"1772"
"bicing";"617";"7";"2020-08-28T04:40:03.295975Z";"3277"
"bicing";"1362";"7";"2020-08-28T14:20:05.545392Z";"5499"
"bicing";"461";"7";"2020-08-28T02:35:04.89393Z";"4875"
"dublin";"1407";"4";"2020-08-28T14:50:18.054438Z";"18041"
"dublin";"1184";"4";"2020-08-28T12:00:05.54808Z";"5530"
"dublin";"1190";"4";"2020-08-28T12:05:05.637472Z";"5628"
"dublin";"1193";"4";"2020-08-28T12:10:03.273753Z";"3248"
"dublin";"30";"4";"2020-08-27T21:00:04.211593Z";"4190"
"dublin";"184";"4";"2020-08-27T23:00:05.443449Z";"5404"
"dublin";"1205";"4";"2020-08-28T12:20:12.156186Z";"12149"
"dublin";"1238";"4";"2020-08-28T12:45:10.52092Z";"10504"
"dublin";"1245";"4";"2020-08-28T12:50:06.65228Z";"6647"
"dublin";"1250";"4";"2020-08-28T12:55:04.066692Z";"4054"
"dublin";"1261";"4";"2020-08-28T13:00:14.355635Z";"14333"
"dublin";"1266";"4";"2020-08-28T13:05:04.887442Z";"4869"
"dublin";"1273";"4";"2020-08-28T13:10:06.00977Z";"5998"
"dublin";"1277";"4";"2020-08-28T13:15:05.538733Z";"5527"
"dublin";"1401";"4";"2020-08-28T14:45:16.975872Z";"16967"
"dublin";"1290";"4";"2020-08-28T13:25:02.838044Z";"2829"
"dublin";"1294";"4";"2020-08-28T13:30:03.108081Z";"3084"
"dublin";"1307";"4";"2020-08-28T13:40:04.241888Z";"4230"
"dublin";"1316";"4";"2020-08-28T13:45:04.211153Z";"4189"
"dublin";"1327";"4";"2020-08-28T13:50:15.39141Z";"15387"
"dublin";"203";"4";"2020-08-27T23:15:04.750899Z";"4739"
"dublin";"1334";"4";"2020-08-28T13:55:17.135454Z";"17124"
"dublin";"1350";"4";"2020-08-28T14:10:04.275189Z";"4265"
"dublin";"1357";"4";"2020-08-28T14:15:04.750157Z";"4724"
"dublin";"1370";"4";"2020-08-28T14:25:12.820175Z";"12798"
"dublin";"1375";"4";"2020-08-28T14:30:05.611233Z";"5597"
"dublin";"210";"4";"2020-08-27T23:20:05.415757Z";"5402"
"dublin";"1380";"4";"2020-08-28T14:35:04.199014Z";"4188"
"dublin";"1389";"4";"2020-08-28T14:40:04.166958Z";"4147"
"dublin";"217";"4";"2020-08-27T23:25:04.475985Z";"4466"
"dublin";"222";"4";"2020-08-27T23:30:05.524979Z";"5501"
"dublin";"231";"4";"2020-08-27T23:35:08.639211Z";"8631"
"dublin";"237";"4";"2020-08-27T23:40:12.227905Z";"12208"
"dublin";"39";"4";"2020-08-27T21:05:05.611635Z";"5589"
"dublin";"242";"4";"2020-08-27T23:45:05.331733Z";"5327"
"dublin";"248";"4";"2020-08-27T23:50:05.895113Z";"5880"
"dublin";"277";"4";"2020-08-28T00:10:04.955585Z";"4937"
"dublin";"289";"4";"2020-08-28T00:20:09.626095Z";"9621"
"dublin";"47";"4";"2020-08-27T21:10:07.1299Z";"7114"
"dublin";"293";"4";"2020-08-28T00:25:04.150489Z";"4145"
"dublin";"300";"4";"2020-08-28T00:30:04.77459Z";"4752"
"dublin";"3";"4";"2020-08-27T20:45:03.939162Z";"3753"
"dublin";"312";"4";"2020-08-28T00:35:15.692427Z";"15688"
"dublin";"319";"4";"2020-08-28T00:40:08.866617Z";"8845"
"dublin";"51";"4";"2020-08-27T21:15:09.083546Z";"9071"
"dublin";"324";"4";"2020-08-28T00:45:06.002644Z";"5987"
"dublin";"339";"4";"2020-08-28T01:00:05.458772Z";"5447"
"dublin";"355";"4";"2020-08-28T01:10:05.405023Z";"5385"
"dublin";"359";"4";"2020-08-28T01:15:04.221373Z";"4195"
"dublin";"372";"4";"2020-08-28T01:25:04.53252Z";"4511"
"dublin";"380";"4";"2020-08-28T01:30:11.866494Z";"11861"
"dublin";"62";"4";"2020-08-27T21:25:05.509529Z";"5487"
"dublin";"400";"4";"2020-08-28T01:45:04.349214Z";"4318"
"dublin";"404";"4";"2020-08-28T01:50:03.593005Z";"3576"
"dublin";"412";"4";"2020-08-28T01:55:10.18207Z";"10161"
"dublin";"422";"4";"2020-08-28T02:05:04.244407Z";"4234"
"dublin";"429";"4";"2020-08-28T02:10:04.393533Z";"4376"
"dublin";"438";"4";"2020-08-28T02:15:05.518751Z";"5515"
"dublin";"449";"4";"2020-08-28T02:25:04.37176Z";"4352"
"dublin";"465";"4";"2020-08-28T02:40:04.248027Z";"4224"
"dublin";"1483";"4";"2020-08-28T15:50:04.932059Z";"4898"
"dublin";"474";"4";"2020-08-28T02:45:05.537999Z";"5523"
"dublin";"482";"4";"2020-08-28T02:50:14.124965Z";"14119"
"dublin";"1507";"4";"2020-08-28T16:10:04.383308Z";"4371"
"dublin";"78";"4";"2020-08-27T21:35:16.13932Z";"16126"
"dublin";"491";"4";"2020-08-28T02:55:17.413375Z";"17386"
"dublin";"502";"4";"2020-08-28T03:05:13.868431Z";"13840"
"dublin";"82";"4";"2020-08-27T21:40:04.78206Z";"4765"
"dublin";"514";"4";"2020-08-28T03:20:04.255489Z";"4243"
"dublin";"521";"4";"2020-08-28T03:25:04.373744Z";"4357"
"dublin";"528";"4";"2020-08-28T03:30:05.368199Z";"5354"
"dublin";"535";"4";"2020-08-28T03:35:04.328006Z";"4285"
"dublin";"539";"4";"2020-08-28T03:40:05.302299Z";"5289"
"dublin";"1476";"4";"2020-08-28T15:45:08.256106Z";"8242"
"dublin";"549";"4";"2020-08-28T03:45:11.693115Z";"11670"
"dublin";"1472";"4";"2020-08-28T15:40:15.172815Z";"15154"
"dublin";"91";"4";"2020-08-27T21:45:05.891624Z";"5878"
"dublin";"580";"4";"2020-08-28T04:10:05.504653Z";"5481"
"dublin";"1519";"4";"2020-08-28T16:20:14.008082Z";"14004"
"dublin";"585";"4";"2020-08-28T04:15:04.035307Z";"4020"
"dublin";"591";"4";"2020-08-28T04:20:03.197768Z";"3186"
"dublin";"604";"4";"2020-08-28T04:25:21.919782Z";"21907"
"dublin";"627";"4";"2020-08-28T04:45:04.746333Z";"4721"
"dublin";"634";"4";"2020-08-28T04:50:04.118545Z";"4072"
"dublin";"638";"4";"2020-08-28T04:55:02.961603Z";"2950"
"dublin";"656";"4";"2020-08-28T05:05:24.600127Z";"24579"
"dublin";"1460";"4";"2020-08-28T15:30:25.300693Z";"25269"
"dublin";"667";"4";"2020-08-28T05:15:08.200031Z";"8176"
"dublin";"684";"4";"2020-08-28T05:30:04.305754Z";"4289"
"dublin";"679";"4";"2020-08-28T05:25:05.408428Z";"5394"
"dublin";"691";"4";"2020-08-28T05:35:05.642993Z";"5621"
"dublin";"109";"4";"2020-08-27T22:00:17.549697Z";"17523"
"dublin";"700";"4";"2020-08-28T05:40:17.694197Z";"17683"
"dublin";"704";"4";"2020-08-28T05:45:04.130289Z";"4117"
"dublin";"716";"4";"2020-08-28T05:55:03.010398Z";"3001"
"dublin";"728";"4";"2020-08-28T06:00:16.165379Z";"16153"
"dublin";"738";"4";"2020-08-28T06:10:05.636151Z";"5624"
"dublin";"747";"4";"2020-08-28T06:20:03.208848Z";"3198"
"dublin";"760";"4";"2020-08-28T06:30:05.272743Z";"5245"
"dublin";"1451";"4";"2020-08-28T15:25:31.312105Z";"31257"
"dublin";"768";"4";"2020-08-28T06:35:13.627373Z";"13613"
"dublin";"779";"4";"2020-08-28T06:45:05.186437Z";"5153"
"dublin";"788";"4";"2020-08-28T06:50:05.435181Z";"5423"
"dublin";"810";"4";"2020-08-28T07:05:23.12348Z";"23080"
"dublin";"812";"4";"2020-08-28T07:10:04.755765Z";"4739"
"dublin";"126";"4";"2020-08-27T22:15:16.546998Z";"16524"
"dublin";"824";"4";"2020-08-28T07:15:18.238007Z";"18223"
"dublin";"827";"4";"2020-08-28T07:20:05.395777Z";"5391"
"dublin";"834";"4";"2020-08-28T07:25:05.34731Z";"5343"
"dublin";"837";"4";"2020-08-28T07:30:04.171159Z";"4155"
"dublin";"844";"4";"2020-08-28T07:35:05.479327Z";"5445"
"dublin";"1441";"4";"2020-08-28T15:20:15.969545Z";"15959"
"dublin";"864";"4";"2020-08-28T07:50:09.013744Z";"9007"
"dublin";"133";"4";"2020-08-27T22:20:13.019227Z";"12987"
"dublin";"870";"4";"2020-08-28T07:55:08.267726Z";"8251"
"dublin";"877";"4";"2020-08-28T08:00:05.598655Z";"5589"
"dublin";"883";"4";"2020-08-28T08:05:04.336312Z";"4324"
"dublin";"138";"4";"2020-08-27T22:25:05.215317Z";"5193"
"dublin";"907";"4";"2020-08-28T08:25:05.178191Z";"5175"
"dublin";"930";"4";"2020-08-28T08:40:05.689738Z";"5678"
"dublin";"24";"4";"2020-08-27T20:55:13.455513Z";"13442"
"dublin";"937";"4";"2020-08-28T08:45:11.901433Z";"11887"
"dublin";"1432";"4";"2020-08-28T15:15:04.280131Z";"4272"
"dublin";"944";"4";"2020-08-28T08:50:06.383461Z";"6360"
"dublin";"146";"4";"2020-08-27T22:30:09.942278Z";"9915"
"dublin";"1428";"4";"2020-08-28T15:10:05.443273Z";"5424"
"dublin";"971";"4";"2020-08-28T09:15:04.842667Z";"4829"
"dublin";"151";"4";"2020-08-27T22:35:04.983252Z";"4979"
"dublin";"977";"4";"2020-08-28T09:20:04.285469Z";"4272"
"dublin";"985";"4";"2020-08-28T09:25:04.087934Z";"4082"
"dublin";"995";"4";"2020-08-28T09:30:12.832533Z";"12800"
"dublin";"999";"4";"2020-08-28T09:35:08.090074Z";"8077"
"dublin";"1524";"4";"2020-08-28T16:25:05.062842Z";"5048"
"dublin";"1007";"4";"2020-08-28T09:40:04.265247Z";"4258"
"dublin";"1011";"4";"2020-08-28T09:45:06.679731Z";"6657"
"dublin";"156";"4";"2020-08-27T22:40:04.123925Z";"4107"
"dublin";"1031";"4";"2020-08-28T10:00:05.334187Z";"5310"
"dublin";"1038";"4";"2020-08-28T10:05:05.735097Z";"5708"
"dublin";"1045";"4";"2020-08-28T10:10:04.865185Z";"4860"
"dublin";"1051";"4";"2020-08-28T10:15:08.86106Z";"8846"
"dublin";"1055";"4";"2020-08-28T10:20:05.739163Z";"5723"
"dublin";"1087";"4";"2020-08-28T10:45:06.095103Z";"6078"
"dublin";"1093";"4";"2020-08-28T10:50:05.152717Z";"5136"
"dublin";"1098";"4";"2020-08-28T10:55:12.412413Z";"12335"
"dublin";"1101";"4";"2020-08-28T11:00:04.17985Z";"4165"
"dublin";"177";"4";"2020-08-27T22:55:04.609125Z";"4600"
"dublin";"1115";"4";"2020-08-28T11:05:13.842432Z";"13817"
"dublin";"1120";"4";"2020-08-28T11:10:17.512077Z";"17509"
"dublin";"1128";"4";"2020-08-28T11:15:14.932359Z";"14902"
"dublin";"1134";"4";"2020-08-28T11:20:13.37791Z";"13353"
"dublin";"1144";"4";"2020-08-28T11:30:05.651501Z";"5638"
"dublin";"1164";"4";"2020-08-28T11:45:27.780589Z";"27766"
"dublin";"1171";"4";"2020-08-28T11:50:20.27329Z";"20268"
"dublin";"1179";"4";"2020-08-28T11:55:12.431322Z";"12426"
"ljubljana";"338";"6";"2020-08-28T01:00:03.183549Z";"3167"
"ljubljana";"731";"6";"2020-08-28T06:05:03.739483Z";"3711"
"ljubljana";"335";"6";"2020-08-28T00:55:03.262768Z";"3227"
"ljubljana";"737";"6";"2020-08-28T06:10:03.639738Z";"3627"
"ljubljana";"331";"6";"2020-08-28T00:50:12.574228Z";"12547"
"ljubljana";"744";"6";"2020-08-28T06:15:02.290747Z";"2281"
"ljubljana";"750";"6";"2020-08-28T06:20:05.439327Z";"5428"
"ljubljana";"1248";"6";"2020-08-28T12:55:03.330629Z";"3318"
"ljubljana";"1081";"6";"2020-08-28T10:40:03.347518Z";"3339"
"ljubljana";"321";"6";"2020-08-28T00:45:02.471766Z";"2456"
"ljubljana";"1100";"6";"2020-08-28T11:00:03.316476Z";"3299"
"ljubljana";"316";"6";"2020-08-28T00:40:03.344231Z";"3330"
"ljubljana";"1123";"6";"2020-08-28T11:15:03.214989Z";"3174"
"ljubljana";"460";"6";"2020-08-28T02:35:03.250577Z";"3238"
"ljubljana";"310";"6";"2020-08-28T00:35:12.173027Z";"12169"
"ljubljana";"1411";"6";"2020-08-28T14:55:03.327366Z";"3313"
"ljubljana";"1497";"6";"2020-08-28T16:05:03.518092Z";"3506"
"ljubljana";"1086";"6";"2020-08-28T10:45:02.500158Z";"2483"
"ljubljana";"773";"6";"2020-08-28T06:40:13.304383Z";"13281"
"ljubljana";"567";"6";"2020-08-28T04:00:01.941687Z";"1912"
"ljubljana";"302";"6";"2020-08-28T00:30:06.484943Z";"6463"
"ljubljana";"778";"6";"2020-08-28T06:45:03.559851Z";"3536"
"ljubljana";"1225";"6";"2020-08-28T12:35:03.262752Z";"3249"
"ljubljana";"48";"6";"2020-08-27T21:15:01.872925Z";"1860"
"ljubljana";"297";"6";"2020-08-28T00:25:14.282445Z";"14277"
"ljubljana";"1243";"6";"2020-08-28T12:50:03.20581Z";"3200"
"ljubljana";"1090";"6";"2020-08-28T10:50:02.63749Z";"2619"
"ljubljana";"786";"6";"2020-08-28T06:50:03.180186Z";"3168"
"ljubljana";"791";"6";"2020-08-28T06:55:03.384679Z";"3380"
"ljubljana";"287";"6";"2020-08-28T00:20:03.147106Z";"3136"
"ljubljana";"798";"6";"2020-08-28T07:00:03.330559Z";"3306"
"ljubljana";"1505";"6";"2020-08-28T16:10:03.436164Z";"3423"
"ljubljana";"281";"6";"2020-08-28T00:15:03.362314Z";"3327"
"ljubljana";"804";"6";"2020-08-28T07:05:03.793915Z";"3749"
"ljubljana";"499";"6";"2020-08-28T03:05:03.268786Z";"3240"
"ljubljana";"275";"6";"2020-08-28T00:10:03.368885Z";"3350"
"ljubljana";"509";"6";"2020-08-28T03:15:03.175263Z";"3166"
"ljubljana";"813";"6";"2020-08-28T07:10:06.418653Z";"6384"
"ljubljana";"125";"6";"2020-08-27T22:15:13.203955Z";"13185"
"ljubljana";"1445";"6";"2020-08-28T15:25:03.424356Z";"3370"
"ljubljana";"44";"6";"2020-08-27T21:10:03.333346Z";"3313"
"ljubljana";"818";"6";"2020-08-28T07:15:03.51084Z";"3484"
"ljubljana";"269";"6";"2020-08-28T00:05:05.723393Z";"5712"
"ljubljana";"826";"6";"2020-08-28T07:20:02.526354Z";"2522"
"ljubljana";"186";"6";"2020-08-27T23:00:11.692776Z";"11652"
"ljubljana";"8";"6";"2020-08-27T20:50:02.685889Z";"2661"
"ljubljana";"90";"6";"2020-08-27T21:45:02.418821Z";"2401"
"ljubljana";"832";"6";"2020-08-28T07:25:03.392038Z";"3388"
"ljubljana";"1218";"6";"2020-08-28T12:30:03.634853Z";"3593"
"ljubljana";"1172";"6";"2020-08-28T11:50:22.371751Z";"22364"
"ljubljana";"263";"6";"2020-08-28T00:00:03.246864Z";"3230"
"ljubljana";"839";"6";"2020-08-28T07:30:06.505485Z";"6480"
"ljubljana";"129";"6";"2020-08-27T22:20:03.324465Z";"3292"
"ljubljana";"1135";"6";"2020-08-28T11:20:23.375834Z";"23351"
"ljubljana";"41";"6";"2020-08-27T21:05:09.093142Z";"9070"
"ljubljana";"255";"6";"2020-08-27T23:55:02.531298Z";"2521"
"ljubljana";"253";"6";"2020-08-27T23:50:15.185821Z";"15167"
"ljubljana";"851";"6";"2020-08-28T07:40:03.766385Z";"3717"
"ljubljana";"495";"6";"2020-08-28T03:00:05.013417Z";"4994"
"ljubljana";"857";"6";"2020-08-28T07:45:03.524331Z";"3506"
"ljubljana";"860";"6";"2020-08-28T07:50:03.326442Z";"3319"
"ljubljana";"241";"6";"2020-08-27T23:45:03.331752Z";"3327"
"ljubljana";"1138";"6";"2020-08-28T11:25:03.313132Z";"3301"
"ljubljana";"867";"6";"2020-08-28T07:55:03.294224Z";"3278"
"ljubljana";"72";"6";"2020-08-27T21:35:02.593392Z";"2577"
"ljubljana";"236";"6";"2020-08-27T23:40:03.389911Z";"3369"
"ljubljana";"876";"6";"2020-08-28T08:00:02.73187Z";"2722"
"ljubljana";"170";"6";"2020-08-27T22:50:03.290833Z";"3273"
"ljubljana";"1234";"6";"2020-08-28T12:45:03.296523Z";"3280"
"ljubljana";"228";"6";"2020-08-27T23:35:02.591478Z";"2583"
"ljubljana";"882";"6";"2020-08-28T08:05:03.504685Z";"3492"
"ljubljana";"487";"6";"2020-08-28T02:55:03.185638Z";"3158"
"ljubljana";"1439";"6";"2020-08-28T15:20:03.652334Z";"3642"
"ljubljana";"221";"6";"2020-08-27T23:30:03.350355Z";"3327"
"ljubljana";"1510";"6";"2020-08-28T16:15:02.456781Z";"2420"
"ljubljana";"137";"6";"2020-08-27T22:25:03.24656Z";"3224"
"ljubljana";"894";"6";"2020-08-28T08:10:15.142587Z";"15123"
"ljubljana";"1482";"6";"2020-08-28T15:50:02.542761Z";"2514"
"ljubljana";"1436";"6";"2020-08-28T15:15:12.622051Z";"12609"
"ljubljana";"215";"6";"2020-08-27T23:25:03.232828Z";"3223"
"ljubljana";"900";"6";"2020-08-28T08:15:16.711796Z";"16694"
"ljubljana";"1143";"6";"2020-08-28T11:30:01.89811Z";"1885"
"ljubljana";"1384";"6";"2020-08-28T14:35:13.532487Z";"13509"
"ljubljana";"910";"6";"2020-08-28T08:25:11.689047Z";"11685"
"ljubljana";"1390";"6";"2020-08-28T14:40:06.040541Z";"6020"
"ljubljana";"913";"6";"2020-08-28T08:30:02.624541Z";"2615"
"ljubljana";"1469";"6";"2020-08-28T15:40:03.241853Z";"3221"
"ljubljana";"480";"6";"2020-08-28T02:50:10.639321Z";"10625"
"ljubljana";"1376";"6";"2020-08-28T14:30:06.327352Z";"6308"
"ljubljana";"921";"6";"2020-08-28T08:35:03.42568Z";"3398"
"ljubljana";"531";"6";"2020-08-28T03:30:10.867268Z";"10851"
"ljubljana";"455";"6";"2020-08-28T02:30:02.301069Z";"2296"
"ljubljana";"1368";"6";"2020-08-28T14:25:03.41542Z";"3389"
"ljubljana";"208";"6";"2020-08-27T23:20:03.047632Z";"3034"
"ljubljana";"928";"6";"2020-08-28T08:40:02.564292Z";"2525"
"ljubljana";"533";"6";"2020-08-28T03:35:03.410985Z";"3367"
"ljubljana";"1096";"6";"2020-08-28T10:55:03.368408Z";"3307"
"ljubljana";"936";"6";"2020-08-28T08:45:08.272988Z";"8254"
"ljubljana";"1210";"6";"2020-08-28T12:25:03.170436Z";"3142"
"ljubljana";"1361";"6";"2020-08-28T14:20:02.832067Z";"2787"
"ljubljana";"1356";"6";"2020-08-28T14:15:03.424577Z";"3398"
"ljubljana";"145";"6";"2020-08-27T22:30:03.259572Z";"3230"
"ljubljana";"945";"6";"2020-08-28T08:50:14.154269Z";"14133"
"ljubljana";"206";"6";"2020-08-27T23:15:14.761936Z";"14749"
"ljubljana";"948";"6";"2020-08-28T08:55:03.254788Z";"3232"
"ljubljana";"951";"6";"2020-08-28T09:00:02.660503Z";"2650"
"ljubljana";"1349";"6";"2020-08-28T14:10:03.292666Z";"3282"
"ljubljana";"25";"6";"2020-08-27T20:55:15.305335Z";"15291"
"ljubljana";"958";"6";"2020-08-28T09:05:02.582433Z";"2559"
"ljubljana";"1343";"6";"2020-08-28T14:05:03.239458Z";"3224"
"ljubljana";"85";"6";"2020-08-27T21:40:13.822621Z";"13805"
"ljubljana";"1404";"6";"2020-08-28T14:50:03.27267Z";"3245"
"ljubljana";"1150";"6";"2020-08-28T11:35:02.557733Z";"2551"
"ljubljana";"1339";"6";"2020-08-28T14:00:03.315896Z";"3304"
"ljubljana";"149";"6";"2020-08-27T22:35:02.610265Z";"2605"
"ljubljana";"969";"6";"2020-08-28T09:10:16.17422Z";"16169"
"ljubljana";"475";"6";"2020-08-28T02:45:06.743867Z";"6697"
"ljubljana";"1331";"6";"2020-08-28T13:55:03.326571Z";"3315"
"ljubljana";"1152";"6";"2020-08-28T11:40:01.795992Z";"1778"
"ljubljana";"979";"6";"2020-08-28T09:20:04.447495Z";"4426"
"ljubljana";"545";"6";"2020-08-28T03:40:23.976034Z";"23965"
"ljubljana";"1396";"6";"2020-08-28T14:45:03.55457Z";"3545"
"ljubljana";"547";"6";"2020-08-28T03:45:03.288067Z";"3257"
"ljubljana";"1526";"6";"2020-08-28T16:25:10.530904Z";"10515"
"ljubljana";"1426";"6";"2020-08-28T15:10:03.48845Z";"3469"
"ljubljana";"993";"6";"2020-08-28T09:30:08.754924Z";"8722"
"ljubljana";"1323";"6";"2020-08-28T13:50:02.556798Z";"2535"
"ljubljana";"1202";"6";"2020-08-28T12:20:02.553326Z";"2546"
"ljubljana";"998";"6";"2020-08-28T09:35:03.352414Z";"3338"
"ljubljana";"1159";"6";"2020-08-28T11:45:03.340222Z";"3326"
"ljubljana";"1005";"6";"2020-08-28T09:40:03.425604Z";"3418"
"ljubljana";"1314";"6";"2020-08-28T13:45:03.240037Z";"3218"
"ljubljana";"1010";"6";"2020-08-28T09:45:03.432689Z";"3410"
"ljubljana";"1015";"6";"2020-08-28T09:50:02.597405Z";"2593"
"ljubljana";"1475";"6";"2020-08-28T15:45:03.397184Z";"3382"
"ljubljana";"1306";"6";"2020-08-28T13:40:03.281723Z";"3270"
"ljubljana";"1021";"6";"2020-08-28T09:55:03.315884Z";"3305"
"ljubljana";"157";"6";"2020-08-27T22:40:06.087314Z";"6070"
"ljubljana";"1302";"6";"2020-08-28T13:35:03.091784Z";"3084"
"ljubljana";"448";"6";"2020-08-28T02:25:03.258322Z";"3239"
"ljubljana";"1028";"6";"2020-08-28T10:00:02.452821Z";"2427"
"ljubljana";"464";"6";"2020-08-28T02:40:03.31283Z";"3288"
"ljubljana";"1198";"6";"2020-08-28T12:15:02.530103Z";"2503"
"ljubljana";"1297";"6";"2020-08-28T13:30:05.080981Z";"5055"
"ljubljana";"1421";"6";"2020-08-28T15:05:02.685414Z";"2681"
"ljubljana";"1041";"6";"2020-08-28T10:05:13.655869Z";"13618"
"ljubljana";"443";"6";"2020-08-28T02:20:04.119798Z";"4100"
"ljubljana";"1043";"6";"2020-08-28T10:10:02.468804Z";"2463"
"ljubljana";"598";"6";"2020-08-28T04:25:03.223193Z";"3210"
"ljubljana";"436";"6";"2020-08-28T02:15:03.371683Z";"3367"
"ljubljana";"431";"6";"2020-08-28T02:10:06.642271Z";"6625"
"ljubljana";"95";"6";"2020-08-27T21:50:03.346708Z";"3319"
"ljubljana";"607";"6";"2020-08-28T04:30:02.737203Z";"2718"
"ljubljana";"68";"6";"2020-08-27T21:30:09.037588Z";"8998"
"ljubljana";"426";"6";"2020-08-28T02:05:20.993376Z";"20983"
"ljubljana";"1487";"6";"2020-08-28T15:55:03.304385Z";"3286"
"ljubljana";"613";"6";"2020-08-28T04:35:03.474516Z";"3432"
"ljubljana";"559";"6";"2020-08-28T03:50:14.37305Z";"14344"
"ljubljana";"1513";"6";"2020-08-28T16:20:03.290519Z";"3286"
"ljubljana";"1050";"6";"2020-08-28T10:15:03.43304Z";"3415"
"ljubljana";"622";"6";"2020-08-28T04:40:19.318968Z";"19306"
"ljubljana";"416";"6";"2020-08-28T02:00:05.807156Z";"5788"
"ljubljana";"626";"6";"2020-08-28T04:45:03.34478Z";"3318"
"ljubljana";"12";"6";"2020-08-27T20:53:10.307371Z";"3334"
"ljubljana";"633";"6";"2020-08-28T04:50:03.323432Z";"3285"
"ljubljana";"1280";"6";"2020-08-28T13:15:12.299007Z";"12288"
"ljubljana";"1464";"6";"2020-08-28T15:35:03.550273Z";"3534"
"ljubljana";"639";"6";"2020-08-28T04:55:03.340104Z";"3329"
"ljubljana";"407";"6";"2020-08-28T01:55:03.351967Z";"3330"
"ljubljana";"644";"6";"2020-08-28T05:00:02.400192Z";"2394"
"ljubljana";"1177";"6";"2020-08-28T11:55:03.437452Z";"3432"
"ljubljana";"648";"6";"2020-08-28T05:05:02.676166Z";"2655"
"ljubljana";"1057";"6";"2020-08-28T10:20:14.068725Z";"14051"
"ljubljana";"4";"6";"2020-08-27T20:45:03.998453Z";"3812"
"ljubljana";"398";"6";"2020-08-28T01:45:03.432821Z";"3402"
"ljubljana";"394";"6";"2020-08-28T01:40:10.690604Z";"10665"
"ljubljana";"1110";"6";"2020-08-28T11:05:03.352403Z";"3327"
"ljubljana";"32";"6";"2020-08-27T21:00:10.069406Z";"10047"
"ljubljana";"1272";"6";"2020-08-28T13:10:02.52548Z";"2513"
"ljubljana";"665";"6";"2020-08-28T05:15:03.807967Z";"3781"
"ljubljana";"194";"6";"2020-08-27T23:10:03.386642Z";"3336"
"ljubljana";"384";"6";"2020-08-28T01:35:03.283984Z";"3279"
"ljubljana";"61";"6";"2020-08-27T21:25:01.932388Z";"1910"
"ljubljana";"683";"6";"2020-08-28T05:30:03.529913Z";"3511"
"ljubljana";"1062";"6";"2020-08-28T10:25:03.219054Z";"3200"
"ljubljana";"378";"6";"2020-08-28T01:30:03.25953Z";"3254"
"ljubljana";"1232";"6";"2020-08-28T12:40:17.491478Z";"17481"
"ljubljana";"1459";"6";"2020-08-28T15:30:21.697344Z";"21665"
"ljubljana";"163";"6";"2020-08-27T22:45:02.583033Z";"2562"
"ljubljana";"188";"6";"2020-08-27T23:05:02.671133Z";"2664"
"ljubljana";"1264";"6";"2020-08-28T13:05:03.572032Z";"3554"
"ljubljana";"681";"6";"2020-08-28T05:25:15.143087Z";"15128"
"ljubljana";"373";"6";"2020-08-28T01:25:06.477167Z";"6456"
"ljubljana";"690";"6";"2020-08-28T05:35:03.423397Z";"3386"
"ljubljana";"1260";"6";"2020-08-28T13:00:10.90854Z";"10871"
"ljubljana";"696";"6";"2020-08-28T05:40:03.446139Z";"3435"
"ljubljana";"365";"6";"2020-08-28T01:20:03.273757Z";"3253"
"ljubljana";"703";"6";"2020-08-28T05:45:03.271622Z";"3258"
"ljubljana";"1118";"6";"2020-08-28T11:10:05.747907Z";"5744"
"ljubljana";"358";"6";"2020-08-28T01:15:03.28086Z";"3237"
"ljubljana";"563";"6";"2020-08-28T03:55:03.154576Z";"3134"
"ljubljana";"352";"6";"2020-08-28T01:10:02.562128Z";"2542"
"ljubljana";"711";"6";"2020-08-28T05:50:03.416591Z";"3405"
"ljubljana";"1494";"6";"2020-08-28T16:00:13.879736Z";"13864"
"ljubljana";"349";"6";"2020-08-28T01:05:11.879477Z";"11855"
"ljubljana";"719";"6";"2020-08-28T05:55:09.452346Z";"9442"
"ljubljana";"1074";"6";"2020-08-28T10:30:19.094177Z";"19062"
"ljubljana";"1075";"6";"2020-08-28T10:35:03.290777Z";"3281"
"ljubljana";"55";"6";"2020-08-27T21:20:03.300839Z";"3268"
"ljubljana";"726";"6";"2020-08-28T06:00:12.320172Z";"12308"
"ljubljana";"180";"6";"2020-08-27T22:55:12.042254Z";"12032"
"marseille";"1226";"5";"2020-08-28T12:35:04.832615Z";"4819"
"marseille";"593";"5";"2020-08-28T04:20:06.167183Z";"6154"
"marseille";"70";"5";"2020-08-27T21:30:13.074839Z";"13036"
"marseille";"600";"5";"2020-08-28T04:25:06.178563Z";"6165"
"marseille";"432";"5";"2020-08-28T02:10:10.55204Z";"10535"
"marseille";"1106";"5";"2020-08-28T11:00:14.870395Z";"14855"
"marseille";"614";"5";"2020-08-28T04:35:06.236372Z";"6194"
"marseille";"423";"5";"2020-08-28T02:05:06.117155Z";"6107"
"marseille";"619";"5";"2020-08-28T04:40:06.394766Z";"6381"
"marseille";"1466";"5";"2020-08-28T15:35:13.529703Z";"13502"
"marseille";"417";"5";"2020-08-28T02:00:06.121888Z";"6098"
"marseille";"410";"5";"2020-08-28T01:55:06.189075Z";"6168"
"marseille";"1414";"5";"2020-08-28T14:55:14.350385Z";"14337"
"marseille";"1525";"5";"2020-08-28T16:25:08.78405Z";"8770"
"marseille";"101";"5";"2020-08-27T21:55:06.148597Z";"6114"
"marseille";"647";"5";"2020-08-28T05:00:06.306008Z";"6300"
"marseille";"651";"5";"2020-08-28T05:05:06.319935Z";"6298"
"marseille";"392";"5";"2020-08-28T01:40:06.208616Z";"6183"
"marseille";"1489";"5";"2020-08-28T15:55:04.96545Z";"4947"
"marseille";"105";"5";"2020-08-27T22:00:04.83482Z";"4808"
"marseille";"672";"5";"2020-08-28T05:20:05.320605Z";"5303"
"marseille";"379";"5";"2020-08-28T01:30:06.183322Z";"6178"
"marseille";"660";"5";"2020-08-28T05:10:06.365051Z";"6351"
"marseille";"1514";"5";"2020-08-28T16:20:04.744508Z";"4740"
"marseille";"666";"5";"2020-08-28T05:15:05.010654Z";"4984"
"marseille";"374";"5";"2020-08-28T01:25:10.414162Z";"10393"
"marseille";"368";"5";"2020-08-28T01:20:13.053452Z";"13033"
"marseille";"1116";"5";"2020-08-28T11:10:03.399216Z";"3396"
"marseille";"699";"5";"2020-08-28T05:40:14.299333Z";"14288"
"marseille";"361";"5";"2020-08-28T01:15:08.262368Z";"8239"
"marseille";"707";"5";"2020-08-28T05:45:13.973721Z";"13960"
"marseille";"718";"5";"2020-08-28T05:55:07.641397Z";"7632"
"marseille";"113";"5";"2020-08-27T22:05:04.757721Z";"4735"
"marseille";"723";"5";"2020-08-28T06:00:06.314192Z";"6302"
"marseille";"1455";"5";"2020-08-28T15:30:06.619158Z";"6589"
"marseille";"735";"5";"2020-08-28T06:05:25.139447Z";"25111"
"marseille";"742";"5";"2020-08-28T06:10:14.646364Z";"14634"
"marseille";"329";"5";"2020-08-28T00:50:06.2976Z";"6270"
"marseille";"325";"5";"2020-08-28T00:45:06.202947Z";"6187"
"marseille";"117";"5";"2020-08-27T22:10:06.502738Z";"6487"
"marseille";"755";"5";"2020-08-28T06:25:04.851816Z";"4831"
"marseille";"317";"5";"2020-08-28T00:40:04.89023Z";"4876"
"marseille";"764";"5";"2020-08-28T06:35:06.038927Z";"6024"
"marseille";"1124";"5";"2020-08-28T11:15:04.671388Z";"4632"
"marseille";"313";"5";"2020-08-28T00:35:20.081126Z";"20077"
"marseille";"771";"5";"2020-08-28T06:40:10.928721Z";"10905"
"marseille";"305";"5";"2020-08-28T00:30:16.809922Z";"16788"
"marseille";"780";"5";"2020-08-28T06:45:06.496325Z";"6473"
"marseille";"21";"5";"2020-08-27T20:55:04.713849Z";"4700"
"marseille";"294";"5";"2020-08-28T00:25:06.233145Z";"6228"
"marseille";"792";"5";"2020-08-28T06:55:06.138473Z";"6134"
"marseille";"122";"5";"2020-08-27T22:15:05.274185Z";"5256"
"marseille";"799";"5";"2020-08-28T07:00:05.421812Z";"5405"
"marseille";"45";"5";"2020-08-27T21:10:03.628008Z";"3613"
"marseille";"1502";"5";"2020-08-28T16:05:14.092484Z";"14080"
"marseille";"1446";"5";"2020-08-28T15:25:06.279626Z";"6229"
"marseille";"270";"5";"2020-08-28T00:05:06.106629Z";"6095"
"marseille";"821";"5";"2020-08-28T07:15:14.162514Z";"14132"
"marseille";"1221";"5";"2020-08-28T12:30:13.956951Z";"13916"
"marseille";"266";"5";"2020-08-28T00:00:14.095345Z";"14079"
"marseille";"260";"5";"2020-08-27T23:55:15.287188Z";"15277"
"marseille";"843";"5";"2020-08-28T07:35:04.922772Z";"4888"
"marseille";"853";"5";"2020-08-28T07:40:14.199298Z";"14156"
"marseille";"250";"5";"2020-08-27T23:50:10.434327Z";"10416"
"marseille";"245";"5";"2020-08-27T23:45:13.518981Z";"13514"
"marseille";"859";"5";"2020-08-28T07:45:13.266076Z";"13247"
"marseille";"861";"5";"2020-08-28T07:50:04.942687Z";"4936"
"marseille";"868";"5";"2020-08-28T07:55:04.841471Z";"4825"
"marseille";"1139";"5";"2020-08-28T11:25:04.824587Z";"4812"
"marseille";"229";"5";"2020-08-27T23:35:05.242441Z";"5234"
"marseille";"1215";"5";"2020-08-28T12:25:16.786172Z";"16761"
"marseille";"888";"5";"2020-08-28T08:05:19.893659Z";"19881"
"marseille";"897";"5";"2020-08-28T08:15:05.308609Z";"5291"
"marseille";"903";"5";"2020-08-28T08:20:05.95746Z";"5952"
"marseille";"1382";"5";"2020-08-28T14:35:06.212856Z";"6201"
"marseille";"916";"5";"2020-08-28T08:30:07.491903Z";"7482"
"marseille";"1391";"5";"2020-08-28T14:40:06.209061Z";"6188"
"marseille";"1371";"5";"2020-08-28T14:25:17.038197Z";"17009"
"marseille";"923";"5";"2020-08-28T08:35:07.825775Z";"7798"
"marseille";"1170";"5";"2020-08-28T11:50:16.432266Z";"16422"
"marseille";"931";"5";"2020-08-28T08:40:06.328773Z";"6306"
"marseille";"1363";"5";"2020-08-28T14:20:06.20744Z";"6167"
"marseille";"934";"5";"2020-08-28T08:45:04.873003Z";"4859"
"marseille";"961";"5";"2020-08-28T09:05:06.614624Z";"6591"
"marseille";"204";"5";"2020-08-27T23:15:06.177644Z";"6165"
"marseille";"1341";"5";"2020-08-28T14:00:17.543711Z";"17532"
"marseille";"1207";"5";"2020-08-28T12:20:16.561041Z";"16554"
"marseille";"973";"5";"2020-08-28T09:15:07.237034Z";"7224"
"marseille";"1406";"5";"2020-08-28T14:50:06.300758Z";"6284"
"marseille";"980";"5";"2020-08-28T09:20:06.214231Z";"6199"
"marseille";"1328";"5";"2020-08-28T13:50:19.587525Z";"19582"
"marseille";"152";"5";"2020-08-27T22:35:06.256645Z";"6252"
"marseille";"986";"5";"2020-08-28T09:25:08.258204Z";"8253"
"marseille";"1427";"5";"2020-08-28T15:10:04.95789Z";"4938"
"marseille";"991";"5";"2020-08-28T09:30:06.240476Z";"6208"
"marseille";"1317";"5";"2020-08-28T13:45:06.176693Z";"6154"
"marseille";"1309";"5";"2020-08-28T13:40:05.503929Z";"5492"
"marseille";"1017";"5";"2020-08-28T09:50:06.624185Z";"6620"
"marseille";"1303";"5";"2020-08-28T13:35:06.220066Z";"6213"
"marseille";"1026";"5";"2020-08-28T09:55:21.785835Z";"21775"
"marseille";"199";"5";"2020-08-27T23:10:13.491742Z";"13453"
"marseille";"1298";"5";"2020-08-28T13:30:06.389853Z";"6364"
"marseille";"158";"5";"2020-08-27T22:40:06.182497Z";"6166"
"marseille";"1036";"5";"2020-08-28T10:05:05.007372Z";"4980"
"marseille";"1160";"5";"2020-08-28T11:45:04.744775Z";"4730"
"marseille";"1047";"5";"2020-08-28T10:10:06.195531Z";"6190"
"marseille";"1054";"5";"2020-08-28T10:20:03.531174Z";"3514"
"marseille";"166";"5";"2020-08-27T22:45:14.893919Z";"14873"
"marseille";"1070";"5";"2020-08-28T10:30:06.311578Z";"6287"
"marseille";"1258";"5";"2020-08-28T13:00:06.267881Z";"6234"
"marseille";"1254";"5";"2020-08-28T12:55:18.194276Z";"18182"
"marseille";"1082";"5";"2020-08-28T10:40:04.015148Z";"4008"
"marseille";"1244";"5";"2020-08-28T12:50:06.30482Z";"6299"
"marseille";"1178";"5";"2020-08-28T11:55:06.262925Z";"6257"
"marseille";"173";"5";"2020-08-27T22:50:13.009275Z";"12995"
"marseille";"14";"5";"2020-08-27T20:53:13.029255Z";"6057"
"marseille";"501";"5";"2020-08-28T03:05:05.483888Z";"5455"
"marseille";"190";"5";"2020-08-27T23:05:06.611948Z";"6604"
"marseille";"515";"5";"2020-08-28T03:20:05.659375Z";"5647"
"marseille";"522";"5";"2020-08-28T03:25:08.710889Z";"8694"
"marseille";"488";"5";"2020-08-28T02:55:04.895378Z";"4874"
"marseille";"529";"5";"2020-08-28T03:30:06.081217Z";"6065"
"marseille";"479";"5";"2020-08-28T02:50:06.189763Z";"6172"
"marseille";"473";"5";"2020-08-28T02:45:04.966709Z";"4932"
"marseille";"1155";"5";"2020-08-28T11:40:05.118287Z";"5102"
"marseille";"543";"5";"2020-08-28T03:40:13.405646Z";"13394"
"marseille";"75";"5";"2020-08-27T21:35:06.689104Z";"6675"
"marseille";"86";"5";"2020-08-27T21:40:18.015214Z";"17998"
"marseille";"467";"5";"2020-08-28T02:40:06.283546Z";"6259"
"marseille";"553";"5";"2020-08-28T03:45:25.09867Z";"25065"
"marseille";"560";"5";"2020-08-28T03:50:18.440144Z";"18411"
"marseille";"1471";"5";"2020-08-28T15:40:03.456938Z";"3437"
"marseille";"575";"5";"2020-08-28T04:05:13.615867Z";"13608"
"marseille";"451";"5";"2020-08-28T02:25:06.299456Z";"6280"
"marseille";"178";"5";"2020-08-27T22:55:06.156256Z";"6146"
"marseille";"445";"5";"2020-08-28T02:20:08.150753Z";"8131"
"marseille";"588";"5";"2020-08-28T04:15:06.286526Z";"6271"
"marseille";"31";"5";"2020-08-27T21:00:08.235981Z";"8214"
"santander";"701";"3";"2020-08-28T05:45:01.376302Z";"1362"
"santander";"363";"3";"2020-08-28T01:20:01.57057Z";"1550"
"santander";"694";"3";"2020-08-28T05:40:01.189997Z";"1179"
"santander";"693";"3";"2020-08-28T05:35:09.538918Z";"9517"
"santander";"369";"3";"2020-08-28T01:25:00.950209Z";"929"
"santander";"59";"3";"2020-08-27T21:25:01.425807Z";"1419"
"santander";"1228";"3";"2020-08-28T12:40:01.125479Z";"1118"
"santander";"108";"3";"2020-08-27T22:00:14.090514Z";"14064"
"santander";"668";"3";"2020-08-28T05:15:08.837435Z";"8813"
"santander";"1117";"3";"2020-08-28T11:10:03.884557Z";"3881"
"santander";"381";"3";"2020-08-28T01:30:12.325113Z";"12321"
"santander";"685";"3";"2020-08-28T05:30:04.653811Z";"4638"
"santander";"670";"3";"2020-08-28T05:20:01.17974Z";"1167"
"santander";"18";"3";"2020-08-27T20:53:26.48846Z";"19515"
"santander";"389";"3";"2020-08-28T01:35:22.744814Z";"22740"
"santander";"657";"3";"2020-08-28T05:10:01.400991Z";"1390"
"santander";"1461";"3";"2020-08-28T15:35:01.191383Z";"1176"
"santander";"395";"3";"2020-08-28T01:40:11.186887Z";"11161"
"santander";"397";"3";"2020-08-28T01:45:01.573799Z";"1554"
"santander";"653";"3";"2020-08-28T05:05:11.443521Z";"11422"
"santander";"1113";"3";"2020-08-28T11:05:10.269883Z";"10253"
"santander";"402";"3";"2020-08-28T01:50:01.200788Z";"1184"
"santander";"64";"3";"2020-08-27T21:30:01.20989Z";"1165"
"santander";"406";"3";"2020-08-28T01:55:01.11677Z";"1096"
"santander";"643";"3";"2020-08-28T05:00:01.143615Z";"1138"
"santander";"640";"3";"2020-08-28T04:55:03.541348Z";"3530"
"santander";"630";"3";"2020-08-28T04:50:01.440082Z";"1419"
"santander";"413";"3";"2020-08-28T02:00:01.479419Z";"1469"
"santander";"98";"3";"2020-08-27T21:55:01.379817Z";"1347"
"santander";"623";"3";"2020-08-28T04:45:01.147243Z";"1128"
"santander";"419";"3";"2020-08-28T02:05:01.437393Z";"1427"
"santander";"97";"3";"2020-08-27T21:50:09.364472Z";"9343"
"santander";"616";"3";"2020-08-28T04:40:01.46787Z";"1455"
"santander";"1104";"3";"2020-08-28T11:00:10.555829Z";"10545"
"santander";"610";"3";"2020-08-28T04:35:01.224689Z";"1192"
"santander";"605";"3";"2020-08-28T04:30:01.314092Z";"1296"
"santander";"430";"3";"2020-08-28T02:10:04.718406Z";"4701"
"santander";"434";"3";"2020-08-28T02:15:01.535588Z";"1532"
"santander";"1467";"3";"2020-08-28T15:40:01.419508Z";"1395"
"santander";"676";"3";"2020-08-28T05:25:01.367543Z";"1350"
"santander";"441";"3";"2020-08-28T02:20:01.390013Z";"1372"
"santander";"596";"3";"2020-08-28T04:25:01.455952Z";"1443"
"santander";"595";"3";"2020-08-28T04:20:11.789099Z";"11779"
"santander";"586";"3";"2020-08-28T04:15:04.692622Z";"4677"
"santander";"446";"3";"2020-08-28T02:25:01.429524Z";"1399"
"santander";"1237";"3";"2020-08-28T12:45:07.0535Z";"7037"
"santander";"577";"3";"2020-08-28T04:10:01.243738Z";"1210"
"santander";"1485";"3";"2020-08-28T15:55:01.407454Z";"1389"
"santander";"454";"3";"2020-08-28T02:30:01.043278Z";"1039"
"santander";"576";"3";"2020-08-28T04:05:14.07487Z";"14067"
"santander";"458";"3";"2020-08-28T02:35:01.145512Z";"1135"
"santander";"566";"3";"2020-08-28T04:00:01.40371Z";"1374"
"santander";"561";"3";"2020-08-28T03:55:01.163565Z";"1144"
"santander";"87";"3";"2020-08-27T21:45:01.198537Z";"1185"
"santander";"554";"3";"2020-08-28T03:50:01.469197Z";"1459"
"santander";"470";"3";"2020-08-28T02:40:13.810064Z";"13786"
"santander";"550";"3";"2020-08-28T03:45:12.281989Z";"12250"
"santander";"541";"3";"2020-08-28T03:40:09.393331Z";"9384"
"santander";"1240";"3";"2020-08-28T12:50:01.150573Z";"1145"
"santander";"476";"3";"2020-08-28T02:45:09.890519Z";"9875"
"santander";"532";"3";"2020-08-28T03:35:01.412501Z";"1398"
"santander";"1520";"3";"2020-08-28T16:20:14.643336Z";"14639"
"santander";"1094";"3";"2020-08-28T10:55:01.350965Z";"1328"
"santander";"483";"3";"2020-08-28T02:50:14.741812Z";"14736"
"santander";"484";"3";"2020-08-28T02:55:01.358969Z";"1342"
"santander";"174";"3";"2020-08-27T22:55:01.158986Z";"1149"
"santander";"525";"3";"2020-08-28T03:30:01.455481Z";"1442"
"santander";"1477";"3";"2020-08-28T15:45:08.556785Z";"8542"
"santander";"518";"3";"2020-08-28T03:25:00.985193Z";"969"
"santander";"492";"3";"2020-08-28T03:00:01.383275Z";"1366"
"santander";"1089";"3";"2020-08-28T10:50:01.379498Z";"1364"
"santander";"1084";"3";"2020-08-28T10:45:01.197323Z";"1180"
"santander";"516";"3";"2020-08-28T03:20:06.108112Z";"6096"
"santander";"497";"3";"2020-08-28T03:05:01.157737Z";"1129"
"santander";"1479";"3";"2020-08-28T15:50:01.424586Z";"1408"
"santander";"79";"3";"2020-08-27T21:35:16.685809Z";"16672"
"santander";"507";"3";"2020-08-28T03:15:01.118256Z";"1113"
"santander";"503";"3";"2020-08-28T03:10:01.206775Z";"1192"
"santander";"80";"3";"2020-08-27T21:40:01.153413Z";"1136"
"santander";"191";"3";"2020-08-27T23:05:07.065044Z";"7058"
"santander";"1079";"3";"2020-08-28T10:40:01.200366Z";"1193"
"santander";"1077";"3";"2020-08-28T10:35:06.906561Z";"6898"
"santander";"1251";"3";"2020-08-28T12:55:04.694958Z";"4682"
"santander";"1402";"3";"2020-08-28T14:50:01.138239Z";"1125"
"santander";"1415";"3";"2020-08-28T15:00:01.507358Z";"1473"
"santander";"1255";"3";"2020-08-28T13:00:01.379262Z";"1363"
"santander";"167";"3";"2020-08-27T22:50:01.432207Z";"1418"
"santander";"1068";"3";"2020-08-28T10:30:01.586611Z";"1572"
"santander";"181";"3";"2020-08-27T23:00:01.433584Z";"1395"
"santander";"1262";"3";"2020-08-28T13:05:01.237326Z";"1219"
"santander";"1067";"3";"2020-08-28T10:25:22.107483Z";"22088"
"santander";"1174";"3";"2020-08-28T11:55:01.415064Z";"1410"
"santander";"1269";"3";"2020-08-28T13:10:01.37881Z";"1365"
"santander";"1418";"3";"2020-08-28T15:05:01.46814Z";"1465"
"santander";"1059";"3";"2020-08-28T10:20:23.483716Z";"23467"
"santander";"1191";"3";"2020-08-28T12:05:09.326427Z";"9317"
"santander";"1274";"3";"2020-08-28T13:15:01.242177Z";"1232"
"santander";"1192";"3";"2020-08-28T12:10:00.99633Z";"979"
"santander";"1408";"3";"2020-08-28T14:55:01.145357Z";"1132"
"santander";"27";"3";"2020-08-27T20:55:25.810947Z";"25797"
"santander";"1048";"3";"2020-08-28T10:15:01.199449Z";"1181"
"santander";"160";"3";"2020-08-27T22:45:01.391138Z";"1361"
"santander";"1286";"3";"2020-08-28T13:20:15.461749Z";"15438"
"santander";"1287";"3";"2020-08-28T13:25:01.386219Z";"1377"
"santander";"1042";"3";"2020-08-28T10:10:01.41679Z";"1411"
"santander";"197";"3";"2020-08-27T23:10:09.352576Z";"9321"
"santander";"1293";"3";"2020-08-28T13:30:01.53665Z";"1513"
"santander";"159";"3";"2020-08-27T22:40:06.574275Z";"6558"
"santander";"1037";"3";"2020-08-28T10:05:05.584518Z";"5554"
"santander";"1029";"3";"2020-08-28T10:00:03.167856Z";"3143"
"santander";"1299";"3";"2020-08-28T13:35:01.15851Z";"1151"
"santander";"1027";"3";"2020-08-28T09:55:22.295291Z";"22285"
"santander";"1424";"3";"2020-08-28T15:10:01.423444Z";"1404"
"santander";"200";"3";"2020-08-27T23:15:01.137602Z";"1126"
"santander";"1196";"3";"2020-08-28T12:15:01.227842Z";"1191"
"santander";"1014";"3";"2020-08-28T09:50:01.383283Z";"1380"
"santander";"1013";"3";"2020-08-28T09:45:09.979292Z";"9957"
"santander";"1310";"3";"2020-08-28T13:40:05.982792Z";"5971"
"santander";"1312";"3";"2020-08-28T13:45:01.450497Z";"1428"
"santander";"1008";"3";"2020-08-28T09:40:04.773796Z";"4766"
"santander";"6";"3";"2020-08-27T20:50:01.57836Z";"1544"
"santander";"1000";"3";"2020-08-28T09:35:08.514812Z";"8501"
"santander";"1320";"3";"2020-08-28T13:50:01.352963Z";"1348"
"santander";"33";"3";"2020-08-27T21:00:10.633615Z";"10612"
"santander";"994";"3";"2020-08-28T09:30:09.325923Z";"9293"
"santander";"987";"3";"2020-08-28T09:25:08.669433Z";"8665"
"santander";"982";"3";"2020-08-28T09:20:13.876667Z";"13863"
"santander";"975";"3";"2020-08-28T09:15:13.323149Z";"13310"
"santander";"1394";"3";"2020-08-28T14:45:01.172204Z";"1164"
"santander";"1200";"3";"2020-08-28T12:20:01.544047Z";"1537"
"santander";"1335";"3";"2020-08-28T13:55:17.635042Z";"17624"
"santander";"1336";"3";"2020-08-28T14:00:01.275486Z";"1264"
"santander";"1";"3";"2020-08-27T20:45:03.775808Z";"3589"
"santander";"967";"3";"2020-08-28T09:10:10.284466Z";"10280"
"santander";"959";"3";"2020-08-28T09:05:03.151102Z";"3131"
"santander";"1346";"3";"2020-08-28T14:05:07.021058Z";"7001"
"santander";"147";"3";"2020-08-27T22:35:01.415649Z";"1411"
"santander";"1352";"3";"2020-08-28T14:10:13.358423Z";"13348"
"santander";"1353";"3";"2020-08-28T14:15:01.192856Z";"1165"
"santander";"950";"3";"2020-08-28T09:00:01.418793Z";"1409"
"santander";"946";"3";"2020-08-28T08:55:01.362852Z";"1344"
"santander";"941";"3";"2020-08-28T08:50:01.218462Z";"1200"
"santander";"1157";"3";"2020-08-28T11:45:01.349615Z";"1335"
"santander";"1359";"3";"2020-08-28T14:20:00.979368Z";"955"
"santander";"207";"3";"2020-08-27T23:20:01.132093Z";"1119"
"santander";"940";"3";"2020-08-28T08:45:23.315076Z";"23302"
"santander";"932";"3";"2020-08-28T08:40:10.795732Z";"10784"
"santander";"1365";"3";"2020-08-28T14:25:01.006706Z";"981"
"santander";"1433";"3";"2020-08-28T15:15:04.751286Z";"4747"
"santander";"1167";"3";"2020-08-28T11:50:11.90459Z";"11899"
"santander";"142";"3";"2020-08-27T22:30:01.163092Z";"1137"
"santander";"1372";"3";"2020-08-28T14:30:01.372415Z";"1358"
"santander";"919";"3";"2020-08-28T08:35:01.76117Z";"1734"
"santander";"1153";"3";"2020-08-28T11:40:02.469435Z";"2453"
"santander";"1185";"3";"2020-08-28T12:00:08.557711Z";"8539"
"santander";"914";"3";"2020-08-28T08:30:03.122106Z";"3113"
"santander";"1385";"3";"2020-08-28T14:35:14.015057Z";"14004"
"santander";"1386";"3";"2020-08-28T14:40:01.382759Z";"1363"
"santander";"905";"3";"2020-08-28T08:25:01.16298Z";"1159"
"santander";"901";"3";"2020-08-28T08:20:01.205293Z";"1201"
"santander";"214";"3";"2020-08-27T23:25:00.954064Z";"946"
"santander";"899";"3";"2020-08-28T08:15:14.702071Z";"14687"
"santander";"1521";"3";"2020-08-28T16:25:01.031994Z";"1001"
"santander";"889";"3";"2020-08-28T08:10:01.153922Z";"1134"
"santander";"36";"3";"2020-08-27T21:05:01.534046Z";"1511"
"santander";"887";"3";"2020-08-28T08:05:14.587927Z";"14575"
"santander";"1148";"3";"2020-08-28T11:35:01.178842Z";"1172"
"santander";"225";"3";"2020-08-27T23:30:09.47863Z";"9455"
"santander";"226";"3";"2020-08-27T23:35:01.335546Z";"1327"
"santander";"874";"3";"2020-08-28T08:00:01.381176Z";"1373"
"santander";"233";"3";"2020-08-27T23:40:01.007266Z";"987"
"santander";"134";"3";"2020-08-27T22:25:01.137427Z";"1115"
"santander";"872";"3";"2020-08-28T07:55:11.706999Z";"11691"
"santander";"1145";"3";"2020-08-28T11:30:06.043974Z";"6030"
"santander";"238";"3";"2020-08-27T23:45:01.441355Z";"1437"
"santander";"862";"3";"2020-08-28T07:50:05.337394Z";"5331"
"santander";"1213";"3";"2020-08-28T12:25:09.437415Z";"9414"
"santander";"1509";"3";"2020-08-28T16:15:01.136047Z";"1131"
"santander";"1503";"3";"2020-08-28T16:10:01.467743Z";"1455"
"santander";"855";"3";"2020-08-28T07:45:01.306368Z";"1291"
"santander";"249";"3";"2020-08-27T23:50:06.352578Z";"6338"
"santander";"131";"3";"2020-08-27T22:20:09.439877Z";"9407"
"santander";"849";"3";"2020-08-28T07:40:01.43728Z";"1423"
"santander";"254";"3";"2020-08-27T23:55:01.425708Z";"1415"
"santander";"848";"3";"2020-08-28T07:35:13.547214Z";"13513"
"santander";"1442";"3";"2020-08-28T15:20:16.383249Z";"16374"
"santander";"261";"3";"2020-08-28T00:00:01.199763Z";"1191"
"santander";"42";"3";"2020-08-27T21:10:01.518531Z";"1504"
"santander";"838";"3";"2020-08-28T07:30:04.710083Z";"4694"
"santander";"831";"3";"2020-08-28T07:25:01.403575Z";"1399"
"santander";"829";"3";"2020-08-28T07:20:08.920709Z";"8916"
"santander";"822";"3";"2020-08-28T07:15:14.610825Z";"14584"
"santander";"271";"3";"2020-08-28T00:05:06.33281Z";"6325"
"santander";"273";"3";"2020-08-28T00:10:01.214476Z";"1196"
"santander";"816";"3";"2020-08-28T07:10:14.443037Z";"14403"
"santander";"1141";"3";"2020-08-28T11:25:15.887998Z";"15883"
"santander";"806";"3";"2020-08-28T07:05:10.212119Z";"10169"
"santander";"279";"3";"2020-08-28T00:15:01.220045Z";"1187"
"santander";"1500";"3";"2020-08-28T16:05:09.708433Z";"9697"
"santander";"284";"3";"2020-08-28T00:20:01.373611Z";"1368"
"santander";"796";"3";"2020-08-28T07:00:01.193823Z";"1178"
"santander";"793";"3";"2020-08-28T06:55:06.469514Z";"6465"
"santander";"1216";"3";"2020-08-28T12:30:01.592491Z";"1554"
"santander";"290";"3";"2020-08-28T00:25:01.477501Z";"1472"
"santander";"784";"3";"2020-08-28T06:50:01.080654Z";"1069"
"santander";"298";"3";"2020-08-28T00:30:01.154504Z";"1128"
"santander";"1449";"3";"2020-08-28T15:25:19.505534Z";"19479"
"santander";"776";"3";"2020-08-28T06:45:01.261474Z";"1238"
"santander";"119";"3";"2020-08-27T22:15:01.175296Z";"1164"
"santander";"306";"3";"2020-08-28T00:35:01.195564Z";"1191"
"santander";"772";"3";"2020-08-28T06:40:11.364932Z";"11341"
"santander";"1130";"3";"2020-08-28T11:20:01.171778Z";"1148"
"santander";"766";"3";"2020-08-28T06:35:10.194245Z";"10180"
"santander";"1452";"3";"2020-08-28T15:30:01.388922Z";"1357"
"santander";"758";"3";"2020-08-28T06:30:01.151109Z";"1139"
"santander";"318";"3";"2020-08-28T00:40:05.389994Z";"5376"
"santander";"1222";"3";"2020-08-28T12:35:01.381556Z";"1369"
"santander";"320";"3";"2020-08-28T00:45:01.173473Z";"1158"
"santander";"118";"3";"2020-08-27T22:10:09.46296Z";"9448"
"santander";"753";"3";"2020-08-28T06:25:01.141356Z";"1126"
"santander";"748";"3";"2020-08-28T06:20:03.563963Z";"3553"
"santander";"52";"3";"2020-08-27T21:15:09.496259Z";"9484"
"santander";"328";"3";"2020-08-28T00:50:04.62477Z";"4597"
"santander";"743";"3";"2020-08-28T06:15:00.976284Z";"968"
"santander";"741";"3";"2020-08-28T06:10:10.181149Z";"10169"
"santander";"332";"3";"2020-08-28T00:55:01.194834Z";"1158"
"santander";"733";"3";"2020-08-28T06:05:11.254898Z";"11227"
"santander";"1126";"3";"2020-08-28T11:15:11.386743Z";"11356"
"santander";"1495";"3";"2020-08-28T16:00:14.418774Z";"14403"
"santander";"343";"3";"2020-08-28T01:00:15.301506Z";"15290"
"santander";"725";"3";"2020-08-28T06:00:10.36437Z";"10352"
"santander";"347";"3";"2020-08-28T01:05:09.914101Z";"9901"
"santander";"717";"3";"2020-08-28T05:55:03.561853Z";"3552"
"santander";"351";"3";"2020-08-28T01:10:01.529238Z";"1511"
"santander";"709";"3";"2020-08-28T05:50:01.449894Z";"1438"
"santander";"56";"3";"2020-08-27T21:20:03.382549Z";"3328"
"santander";"110";"3";"2020-08-27T22:05:01.456759Z";"1438"
"santander";"356";"3";"2020-08-28T01:15:01.372049Z";"1350"
"sevilla";"342";"1";"2020-08-28T01:00:15.07945Z";"15069"
"sevilla";"1369";"1";"2020-08-28T14:25:09.416429Z";"9413"
"sevilla";"76";"1";"2020-08-27T21:35:12.140094Z";"12133"
"sevilla";"789";"1";"2020-08-28T06:50:19.678186Z";"19669"
"sevilla";"1168";"1";"2020-08-28T11:50:12.707328Z";"12702"
"sevilla";"1508";"1";"2020-08-28T16:10:09.978996Z";"9969"
"sevilla";"348";"1";"2020-08-28T01:05:11.841111Z";"11832"
"sevilla";"1001";"1";"2020-08-28T09:35:11.809443Z";"11796"
"sevilla";"295";"1";"2020-08-28T00:25:12.570226Z";"12566"
"sevilla";"1499";"1";"2020-08-28T16:05:09.329339Z";"9324"
"sevilla";"34";"1";"2020-08-27T21:00:11.86429Z";"11844"
"sevilla";"782";"1";"2020-08-28T06:45:13.533695Z";"13514"
"sevilla";"1267";"1";"2020-08-28T13:05:10.705532Z";"10687"
"sevilla";"164";"1";"2020-08-27T22:45:11.041319Z";"11021"
"sevilla";"1377";"1";"2020-08-28T14:30:11.911614Z";"11897"
"sevilla";"1058";"1";"2020-08-28T10:20:23.108684Z";"23102"
"sevilla";"1457";"1";"2020-08-28T15:30:12.29511Z";"12264"
"sevilla";"1227";"1";"2020-08-28T12:35:10.667445Z";"10656"
"sevilla";"1132";"1";"2020-08-28T11:20:10.110644Z";"10100"
"sevilla";"917";"1";"2020-08-28T08:30:12.395902Z";"12386"
"sevilla";"1492";"1";"2020-08-28T16:00:09.070036Z";"9056"
"sevilla";"955";"1";"2020-08-28T09:00:12.10131Z";"12098"
"sevilla";"205";"1";"2020-08-27T23:15:13.055357Z";"13050"
"sevilla";"303";"1";"2020-08-28T00:30:12.061378Z";"12051"
"sevilla";"489";"1";"2020-08-28T02:55:11.815815Z";"11799"
"sevilla";"367";"1";"2020-08-28T01:20:08.968333Z";"8952"
"sevilla";"1332";"1";"2020-08-28T13:55:11.83013Z";"11823"
"sevilla";"536";"1";"2020-08-28T03:35:11.080694Z";"11070"
"sevilla";"692";"1";"2020-08-28T05:35:09.118906Z";"9098"
"sevilla";"1435";"1";"2020-08-28T15:15:12.156301Z";"12153"
"sevilla";"272";"1";"2020-08-28T00:05:09.344241Z";"9337"
"sevilla";"1161";"1";"2020-08-28T11:45:13.599047Z";"13590"
"sevilla";"1220";"1";"2020-08-28T12:30:09.604109Z";"9583"
"sevilla";"375";"1";"2020-08-28T01:25:11.859096Z";"11839"
"sevilla";"1450";"1";"2020-08-28T15:25:27.886419Z";"27863"
"sevilla";"1066";"1";"2020-08-28T10:25:18.60836Z";"18591"
"sevilla";"1186";"1";"2020-08-28T12:00:17.217412Z";"17201"
"sevilla";"687";"1";"2020-08-28T05:30:10.388139Z";"10381"
"sevilla";"140";"1";"2020-08-27T22:25:11.790332Z";"11769"
"sevilla";"530";"1";"2020-08-28T03:30:09.006517Z";"8993"
"sevilla";"847";"1";"2020-08-28T07:35:13.163608Z";"13129"
"sevilla";"583";"1";"2020-08-28T04:10:18.67051Z";"18647"
"sevilla";"807";"1";"2020-08-28T07:05:12.252183Z";"12217"
"sevilla";"179";"1";"2020-08-27T22:55:10.199826Z";"10191"
"sevilla";"1325";"1";"2020-08-28T13:50:12.055825Z";"12051"
"sevilla";"387";"1";"2020-08-28T01:35:12.037125Z";"12034"
"sevilla";"1279";"1";"2020-08-28T13:15:12.078395Z";"12072"
"sevilla";"757";"1";"2020-08-28T06:25:10.518592Z";"10503"
"sevilla";"1097";"1";"2020-08-28T10:55:09.105064Z";"9102"
"sevilla";"661";"1";"2020-08-28T05:10:09.258687Z";"9249"
"sevilla";"570";"1";"2020-08-28T04:00:07.509706Z";"7486"
"sevilla";"393";"1";"2020-08-28T01:40:09.234118Z";"9209"
"sevilla";"540";"1";"2020-08-28T03:40:09.07264Z";"9061"
"sevilla";"1208";"1";"2020-08-28T12:20:25.017166Z";"25010"
"sevilla";"1392";"1";"2020-08-28T14:40:11.737864Z";"11720"
"sevilla";"892";"1";"2020-08-28T08:10:13.403248Z";"13387"
"sevilla";"1129";"1";"2020-08-28T11:15:23.820753Z";"23814"
"sevilla";"1283";"1";"2020-08-28T13:20:06.338277Z";"6320"
"sevilla";"1304";"1";"2020-08-28T13:35:08.756961Z";"8750"
"sevilla";"652";"1";"2020-08-28T05:05:11.070736Z";"11055"
"sevilla";"524";"1";"2020-08-28T03:25:17.406789Z";"17395"
"sevilla";"1019";"1";"2020-08-28T09:50:12.012266Z";"12009"
"sevilla";"751";"1";"2020-08-28T06:20:10.905646Z";"10899"
"sevilla";"102";"1";"2020-08-27T21:55:09.229884Z";"9215"
"sevilla";"886";"1";"2020-08-28T08:05:14.288888Z";"14276"
"sevilla";"224";"1";"2020-08-27T23:30:09.108463Z";"9086"
"sevilla";"1400";"1";"2020-08-28T14:45:13.68811Z";"13680"
"sevilla";"130";"1";"2020-08-27T22:20:09.018406Z";"8996"
"sevilla";"802";"1";"2020-08-28T07:00:13.735349Z";"13720"
"sevilla";"411";"1";"2020-08-28T01:55:06.876722Z";"6857"
"sevilla";"1105";"1";"2020-08-28T11:00:11.983434Z";"11974"
"sevilla";"840";"1";"2020-08-28T07:30:09.431928Z";"9415"
"sevilla";"40";"1";"2020-08-27T21:05:07.350115Z";"7328"
"sevilla";"496";"1";"2020-08-28T03:00:10.557638Z";"10553"
"sevilla";"1212";"1";"2020-08-28T12:25:09.088404Z";"9079"
"sevilla";"740";"1";"2020-08-28T06:10:09.780826Z";"9769"
"sevilla";"439";"1";"2020-08-28T02:15:06.625716Z";"6622"
"sevilla";"734";"1";"2020-08-28T06:05:20.654332Z";"20633"
"sevilla";"171";"1";"2020-08-27T22:50:09.104402Z";"9090"
"sevilla";"232";"1";"2020-08-27T23:35:11.604752Z";"11597"
"sevilla";"22";"1";"2020-08-27T20:55:10.15481Z";"10144"
"sevilla";"615";"1";"2020-08-28T04:35:06.739572Z";"6707"
"sevilla";"926";"1";"2020-08-28T08:35:20.620364Z";"20609"
"sevilla";"96";"1";"2020-08-27T21:50:08.944979Z";"8923"
"sevilla";"1311";"1";"2020-08-28T13:40:11.644441Z";"11638"
"sevilla";"609";"1";"2020-08-28T04:30:10.692808Z";"10688"
"sevilla";"288";"1";"2020-08-28T00:20:06.406222Z";"6401"
"sevilla";"594";"1";"2020-08-28T04:20:11.446659Z";"11436"
"sevilla";"1440";"1";"2020-08-28T15:20:12.496622Z";"12487"
"sevilla";"963";"1";"2020-08-28T09:05:22.80879Z";"22788"
"sevilla";"602";"1";"2020-08-28T04:25:11.941423Z";"11937"
"sevilla";"996";"1";"2020-08-28T09:30:21.322029Z";"21291"
"sevilla";"1012";"1";"2020-08-28T09:45:09.504795Z";"9489"
"sevilla";"69";"1";"2020-08-27T21:30:11.901181Z";"11872"
"sevilla";"1259";"1";"2020-08-28T13:00:09.117613Z";"9101"
"sevilla";"16";"1";"2020-08-27T20:53:18.742488Z";"11778"
"toulouse";"1125";"9";"2020-08-28T11:15:11.001413Z";"10952"
"toulouse";"1412";"9";"2020-08-28T14:55:10.31757Z";"10296"
"toulouse";"1111";"9";"2020-08-28T11:05:09.897192Z";"9872"
"toulouse";"1108";"9";"2020-08-28T11:00:24.018474Z";"23994"
"toulouse";"1073";"9";"2020-08-28T10:30:13.272184Z";"13225"
"toulouse";"1063";"9";"2020-08-28T10:25:09.93Z";"9901"
"toulouse";"153";"9";"2020-08-27T22:35:14.174093Z";"14150"
"toulouse";"1060";"9";"2020-08-28T10:20:32.78112Z";"32739"
"toulouse";"1040";"9";"2020-08-28T10:05:12.114807Z";"12077"
"toulouse";"139";"9";"2020-08-27T22:25:10.327897Z";"10278"
"toulouse";"1034";"9";"2020-08-28T10:00:16.206819Z";"16163"
"toulouse";"1025";"9";"2020-08-28T09:55:17.757794Z";"17747"
"toulouse";"1423";"9";"2020-08-28T15:05:13.054128Z";"13050"
"toulouse";"1020";"9";"2020-08-28T09:50:12.791392Z";"12778"
"toulouse";"26";"9";"2020-08-27T20:55:25.454327Z";"25440"
"toulouse";"992";"9";"2020-08-28T09:30:07.119946Z";"7079"
"toulouse";"988";"9";"2020-08-28T09:25:12.354264Z";"12332"
"toulouse";"966";"9";"2020-08-28T09:10:09.886333Z";"9877"
"toulouse";"962";"9";"2020-08-28T09:05:14.097592Z";"14069"
"toulouse";"954";"9";"2020-08-28T09:00:11.955931Z";"11945"
"toulouse";"132";"9";"2020-08-27T22:20:12.986376Z";"12942"
"toulouse";"938";"9";"2020-08-28T08:45:13.286611Z";"13260"
"toulouse";"925";"9";"2020-08-28T08:35:15.455991Z";"15427"
"toulouse";"1434";"9";"2020-08-28T15:15:10.946289Z";"10933"
"toulouse";"911";"9";"2020-08-28T08:25:12.912546Z";"12890"
"toulouse";"898";"9";"2020-08-28T08:15:14.365385Z";"14320"
"toulouse";"893";"9";"2020-08-28T08:10:13.505422Z";"13482"
"toulouse";"123";"9";"2020-08-27T22:15:11.353911Z";"11330"
"toulouse";"884";"9";"2020-08-28T08:05:13.092577Z";"13076"
"toulouse";"871";"9";"2020-08-28T07:55:11.401842Z";"11380"
"toulouse";"852";"9";"2020-08-28T07:40:10.283327Z";"10204"
"toulouse";"846";"9";"2020-08-28T07:35:13.132208Z";"13080"
"toulouse";"819";"9";"2020-08-28T07:15:10.137371Z";"10107"
"toulouse";"106";"9";"2020-08-27T22:00:12.913459Z";"12874"
"toulouse";"815";"9";"2020-08-28T07:10:13.327078Z";"13290"
"toulouse";"809";"9";"2020-08-28T07:05:19.544866Z";"19484"
"toulouse";"794";"9";"2020-08-28T06:55:15.830436Z";"15794"
"toulouse";"1448";"9";"2020-08-28T15:25:19.177322Z";"19122"
"toulouse";"781";"9";"2020-08-28T06:45:13.396978Z";"13363"
"toulouse";"770";"9";"2020-08-28T06:40:07.110775Z";"7064"
"toulouse";"765";"9";"2020-08-28T06:35:09.963706Z";"9948"
"toulouse";"762";"9";"2020-08-28T06:30:12.960442Z";"12928"
"toulouse";"17";"9";"2020-08-27T20:53:26.162354Z";"19189"
"toulouse";"732";"9";"2020-08-28T06:05:10.679202Z";"10613"
"toulouse";"724";"9";"2020-08-28T06:00:10.03036Z";"9990"
"toulouse";"1456";"9";"2020-08-28T15:30:11.194377Z";"11147"
"toulouse";"706";"9";"2020-08-28T05:45:12.805344Z";"12777"
"toulouse";"698";"9";"2020-08-28T05:40:10.436611Z";"10418"
"toulouse";"662";"9";"2020-08-28T05:10:18.240292Z";"18185"
"toulouse";"674";"9";"2020-08-28T05:20:11.330894Z";"11304"
"toulouse";"655";"9";"2020-08-28T05:05:20.848491Z";"20818"
"toulouse";"1518";"9";"2020-08-28T16:20:13.026868Z";"13012"
"toulouse";"642";"9";"2020-08-28T04:55:12.870056Z";"12852"
"toulouse";"636";"9";"2020-08-28T04:50:13.17104Z";"13124"
"toulouse";"628";"9";"2020-08-28T04:45:13.110006Z";"13084"
"toulouse";"620";"9";"2020-08-28T04:40:10.174244Z";"10153"
"toulouse";"601";"9";"2020-08-28T04:25:09.841126Z";"9806"
"toulouse";"92";"9";"2020-08-27T21:45:12.000727Z";"11982"
"toulouse";"589";"9";"2020-08-28T04:15:10.868405Z";"10845"
"toulouse";"581";"9";"2020-08-28T04:10:10.682799Z";"10630"
"toulouse";"574";"9";"2020-08-28T04:05:12.923531Z";"12894"
"toulouse";"565";"9";"2020-08-28T03:55:11.876766Z";"11846"
"toulouse";"558";"9";"2020-08-28T03:50:12.652374Z";"12623"
"toulouse";"84";"9";"2020-08-27T21:40:12.863031Z";"12841"
"toulouse";"551";"9";"2020-08-28T03:45:12.98717Z";"12954"
"toulouse";"542";"9";"2020-08-28T03:40:12.847561Z";"12834"
"toulouse";"523";"9";"2020-08-28T03:25:13.200208Z";"13172"
"toulouse";"517";"9";"2020-08-28T03:20:12.711403Z";"12693"
"toulouse";"511";"9";"2020-08-28T03:15:12.36748Z";"12336"
"toulouse";"1501";"9";"2020-08-28T16:05:13.408505Z";"13389"
"toulouse";"490";"9";"2020-08-28T02:55:14.101167Z";"14057"
"toulouse";"481";"9";"2020-08-28T02:50:13.092772Z";"13075"
"toulouse";"469";"9";"2020-08-28T02:40:13.398634Z";"13355"
"toulouse";"462";"9";"2020-08-28T02:35:11.971539Z";"11949"
"toulouse";"453";"9";"2020-08-28T02:25:13.462582Z";"13373"
"toulouse";"77";"9";"2020-08-27T21:35:12.766864Z";"12739"
"toulouse";"425";"9";"2020-08-28T02:05:19.283181Z";"19240"
"toulouse";"418";"9";"2020-08-28T02:00:15.066529Z";"15043"
"toulouse";"388";"9";"2020-08-28T01:35:22.358874Z";"22331"
"toulouse";"382";"9";"2020-08-28T01:30:21.853532Z";"21835"
"toulouse";"10";"9";"2020-08-27T20:50:11.826638Z";"11791"
"toulouse";"362";"9";"2020-08-28T01:15:11.487528Z";"11450"
"toulouse";"1493";"9";"2020-08-28T16:00:12.906487Z";"12888"
"toulouse";"350";"9";"2020-08-28T01:05:12.939777Z";"12915"
"toulouse";"341";"9";"2020-08-28T01:00:06.896561Z";"6880"
"toulouse";"309";"9";"2020-08-28T00:35:10.434982Z";"10400"
"toulouse";"296";"9";"2020-08-28T00:25:12.961397Z";"12923"
"toulouse";"283";"9";"2020-08-28T00:15:07.388402Z";"7353"
"toulouse";"278";"9";"2020-08-28T00:10:13.405663Z";"13386"
"toulouse";"67";"9";"2020-08-27T21:30:07.282372Z";"7243"
"toulouse";"259";"9";"2020-08-27T23:55:12.875225Z";"12849"
"toulouse";"251";"9";"2020-08-27T23:50:13.689251Z";"13667"
"toulouse";"244";"9";"2020-08-27T23:45:12.931749Z";"12905"
"toulouse";"219";"9";"2020-08-27T23:25:10.556687Z";"10545"
"toulouse";"212";"9";"2020-08-27T23:20:09.290203Z";"9272"
"toulouse";"198";"9";"2020-08-27T23:10:12.977484Z";"12927"
"toulouse";"1383";"9";"2020-08-28T14:35:12.979719Z";"12927"
"toulouse";"1378";"9";"2020-08-28T14:30:15.755642Z";"15731"
"toulouse";"1358";"9";"2020-08-28T14:15:13.073418Z";"13046"
"toulouse";"1340";"9";"2020-08-28T14:00:10.5486Z";"10525"
"toulouse";"1333";"9";"2020-08-28T13:55:13.720296Z";"13678"
"toulouse";"192";"9";"2020-08-27T23:05:10.254584Z";"10215"
"toulouse";"1324";"9";"2020-08-28T13:50:11.962351Z";"11932"
"toulouse";"1319";"9";"2020-08-28T13:45:19.535374Z";"19476"
"toulouse";"1291";"9";"2020-08-28T13:25:12.222039Z";"12199"
"toulouse";"1399";"9";"2020-08-28T14:45:13.1733Z";"13142"
"toulouse";"1284";"9";"2020-08-28T13:20:12.933133Z";"12904"
"toulouse";"1278";"9";"2020-08-28T13:15:10.912836Z";"10890"
"toulouse";"1253";"9";"2020-08-28T12:55:14.013139Z";"13993"
"toulouse";"35";"9";"2020-08-27T21:00:13.150158Z";"13126"
"toulouse";"1239";"9";"2020-08-28T12:45:13.0061Z";"12982"
"toulouse";"1231";"9";"2020-08-28T12:40:16.030247Z";"15995"
"toulouse";"1204";"9";"2020-08-28T12:20:08.845543Z";"8832"
"toulouse";"1181";"9";"2020-08-28T11:55:22.247366Z";"22232"
"toulouse";"1166";"9";"2020-08-28T11:50:11.558348Z";"11539"
"toulouse";"1146";"9";"2020-08-28T11:30:12.333004Z";"12307"
"toulouse";"185";"9";"2020-08-27T23:00:10.080349Z";"10031"
"valencia";"1072";"2";"2020-08-28T10:30:09.777054Z";"9771"
"valencia";"1517";"2";"2020-08-28T16:20:10.869042Z";"10865"
"valencia";"424";"2";"2020-08-28T02:05:10.194078Z";"10184"
"valencia";"452";"2";"2020-08-28T02:25:12.559118Z";"12555"
"valencia";"1103";"2";"2020-08-28T11:00:10.194494Z";"10184"
"valencia";"603";"2";"2020-08-28T04:25:18.721128Z";"18709"
"valencia";"433";"2";"2020-08-28T02:10:12.54591Z";"12528"
"valencia";"885";"2";"2020-08-28T08:05:14.225613Z";"14213"
"valencia";"1002";"2";"2020-08-28T09:35:17.657132Z";"17644"
"valencia";"243";"2";"2020-08-27T23:45:09.60682Z";"9602"
"valencia";"1318";"2";"2020-08-28T13:45:10.254325Z";"10232"
"valencia";"1214";"2";"2020-08-28T12:25:12.578602Z";"12545"
"valencia";"252";"2";"2020-08-27T23:50:14.558026Z";"14536"
"valencia";"193";"2";"2020-08-27T23:05:12.380651Z";"12373"
"valencia";"258";"2";"2020-08-27T23:55:11.349632Z";"11342"
"valencia";"1326";"2";"2020-08-28T13:50:12.518485Z";"12514"
"valencia";"1169";"2";"2020-08-28T11:50:14.602832Z";"14597"
"valencia";"552";"2";"2020-08-28T03:45:21.226462Z";"21207"
"valencia";"265";"2";"2020-08-28T00:00:10.225813Z";"10217"
"valencia";"981";"2";"2020-08-28T09:20:13.57281Z";"13559"
"valencia";"828";"2";"2020-08-28T07:20:08.625823Z";"8621"
"valencia";"820";"2";"2020-08-28T07:15:12.841845Z";"12826"
"valencia";"1268";"2";"2020-08-28T13:05:12.56849Z";"12550"
"valencia";"468";"2";"2020-08-28T02:40:12.59231Z";"12570"
"valencia";"124";"2";"2020-08-27T22:15:12.504373Z";"12493"
"valencia";"1065";"2";"2020-08-28T10:25:12.58579Z";"12568"
"valencia";"1478";"2";"2020-08-28T15:45:11.700186Z";"11684"
"valencia";"805";"2";"2020-08-28T07:05:10.178391Z";"10137"
"valencia";"801";"2";"2020-08-28T07:00:12.768683Z";"12753"
"valencia";"974";"2";"2020-08-28T09:15:13.077337Z";"13065"
"valencia";"1393";"2";"2020-08-28T14:40:15.227308Z";"15210"
"valencia";"1447";"2";"2020-08-28T15:25:09.646382Z";"9623"
"valencia";"964";"2";"2020-08-28T09:05:31.595638Z";"31576"
"valencia";"71";"2";"2020-08-27T21:30:22.645812Z";"22601"
"valencia";"165";"2";"2020-08-27T22:45:12.723643Z";"12708"
"valencia";"1133";"2";"2020-08-28T11:20:12.561627Z";"12538"
"valencia";"956";"2";"2020-08-28T09:00:12.643716Z";"12640"
"valencia";"1345";"2";"2020-08-28T14:05:06.753221Z";"6739"
"valencia";"304";"2";"2020-08-28T00:30:12.604897Z";"12594"
"valencia";"774";"2";"2020-08-28T06:40:22.179066Z";"22156"
"valencia";"1056";"2";"2020-08-28T10:20:12.386406Z";"12370"
"valencia";"767";"2";"2020-08-28T06:35:12.459206Z";"12445"
"valencia";"311";"2";"2020-08-28T00:35:12.553081Z";"12549"
"valencia";"1351";"2";"2020-08-28T14:10:13.046724Z";"13040"
"valencia";"544";"2";"2020-08-28T03:40:22.328462Z";"22319"
"valencia";"761";"2";"2020-08-28T06:30:09.944001Z";"9932"
"valencia";"573";"2";"2020-08-28T04:05:09.641294Z";"9634"
"valencia";"1127";"2";"2020-08-28T11:15:12.763338Z";"12757"
"valencia";"1285";"2";"2020-08-28T13:20:15.198796Z";"15180"
"valencia";"939";"2";"2020-08-28T08:45:22.907428Z";"22882"
"valencia";"506";"2";"2020-08-28T03:10:07.337034Z";"7323"
"valencia";"330";"2";"2020-08-28T00:50:10.732331Z";"10707"
"valencia";"1364";"2";"2020-08-28T14:20:11.673715Z";"11626"
"valencia";"1187";"2";"2020-08-28T12:00:26.031176Z";"26015"
"valencia";"53";"2";"2020-08-27T21:15:12.552737Z";"12540"
"valencia";"336";"2";"2020-08-28T00:55:12.754689Z";"12731"
"valencia";"114";"2";"2020-08-27T22:05:10.750078Z";"10736"
"valencia";"727";"2";"2020-08-28T06:00:12.790233Z";"12778"
"valencia";"924";"2";"2020-08-28T08:35:12.267975Z";"12255"
"valencia";"720";"2";"2020-08-28T05:55:12.527518Z";"12516"
"valencia";"346";"2";"2020-08-28T01:05:09.563973Z";"9544"
"valencia";"1180";"2";"2020-08-28T11:55:13.131239Z";"13127"
"valencia";"1398";"2";"2020-08-28T14:45:12.689613Z";"12681"
"valencia";"713";"2";"2020-08-28T05:50:12.522067Z";"12512"
"valencia";"1292";"2";"2020-08-28T13:25:12.625922Z";"12615"
"valencia";"1246";"2";"2020-08-28T12:50:15.703229Z";"15699"
"valencia";"918";"2";"2020-08-28T08:30:16.488961Z";"16479"
"valencia";"1527";"2";"2020-08-28T16:25:12.870226Z";"12865"
"valencia";"705";"2";"2020-08-28T05:45:10.126857Z";"10121"
"valencia";"1163";"2";"2020-08-28T11:45:23.814955Z";"23795"
"valencia";"58";"2";"2020-08-27T21:20:09.219241Z";"9212"
"valencia";"1458";"2";"2020-08-28T15:30:20.150041Z";"20119"
"valencia";"1206";"2";"2020-08-28T12:20:12.720588Z";"12713"
"valencia";"141";"2";"2020-08-27T22:25:19.498071Z";"19477"
"valencia";"909";"2";"2020-08-28T08:25:10.068766Z";"10065"
"valencia";"15";"2";"2020-08-27T20:53:16.476204Z";"9503"
"valencia";"680";"2";"2020-08-28T05:25:13.531744Z";"13521"
"valencia";"107";"2";"2020-08-27T22:00:13.795085Z";"13756"
"valencia";"669";"2";"2020-08-28T05:15:12.195947Z";"12174"
"valencia";"1033";"2";"2020-08-28T10:00:12.546454Z";"12537"
"valencia";"172";"2";"2020-08-27T22:50:12.534925Z";"12520"
"valencia";"1236";"2";"2020-08-28T12:45:06.815692Z";"6800"
"valencia";"675";"2";"2020-08-28T05:20:12.41835Z";"12406"
"valencia";"386";"2";"2020-08-28T01:35:09.649264Z";"9646"
"valencia";"213";"2";"2020-08-27T23:20:26.092222Z";"26080"
"valencia";"582";"2";"2020-08-28T04:10:12.4639Z";"12430"
"valencia";"1114";"2";"2020-08-28T11:05:12.463256Z";"12450"
"valencia";"1422";"2";"2020-08-28T15:05:11.583848Z";"11580"
"valencia";"1024";"2";"2020-08-28T09:55:12.554986Z";"12522"
"valencia";"396";"2";"2020-08-28T01:40:12.56312Z";"12538"
"valencia";"654";"2";"2020-08-28T05:05:13.002238Z";"12985"
"valencia";"1252";"2";"2020-08-28T12:55:12.756284Z";"12744"
"valencia";"440";"2";"2020-08-28T02:15:15.285566Z";"15282"
"valencia";"1413";"2";"2020-08-28T14:55:12.799991Z";"12786"
"valencia";"1484";"2";"2020-08-28T15:50:10.918904Z";"10894"
"valencia";"635";"2";"2020-08-28T04:50:12.444053Z";"12423"
"valencia";"557";"2";"2020-08-28T03:50:09.730128Z";"9720"
"valencia";"865";"2";"2020-08-28T07:50:12.045366Z";"12036"
"valencia";"629";"2";"2020-08-28T04:45:13.604843Z";"13574"
"valencia";"1465";"2";"2020-08-28T15:35:12.674391Z";"12664"
"valencia";"23";"2";"2020-08-27T20:55:12.521247Z";"12508"
"valencia";"878";"2";"2020-08-28T08:00:12.594474Z";"12586"
"valencia";"621";"2";"2020-08-28T04:40:12.819489Z";"12798"
"zaragoza";"1337";"8";"2020-08-28T14:00:01.908552Z";"1896"
"zaragoza";"2";"8";"2020-08-27T20:45:03.827794Z";"3640"
"zaragoza";"9";"8";"2020-08-27T20:50:02.783107Z";"2752"
"zaragoza";"11";"8";"2020-08-27T20:53:08.742033Z";"1769"
"zaragoza";"19";"8";"2020-08-27T20:55:01.703207Z";"1686"
"zaragoza";"29";"8";"2020-08-27T21:00:02.83374Z";"2810"
"zaragoza";"38";"8";"2020-08-27T21:05:02.181147Z";"2158"
"zaragoza";"43";"8";"2020-08-27T21:10:02.567864Z";"2520"
"zaragoza";"49";"8";"2020-08-27T21:15:03.609451Z";"3596"
"zaragoza";"57";"8";"2020-08-27T21:20:04.123385Z";"4071"
"zaragoza";"63";"8";"2020-08-27T21:25:06.211439Z";"6187"
"zaragoza";"66";"8";"2020-08-27T21:30:01.920827Z";"1881"
"zaragoza";"73";"8";"2020-08-27T21:35:02.823238Z";"2799"
"zaragoza";"81";"8";"2020-08-27T21:40:04.126036Z";"4104"
"zaragoza";"89";"8";"2020-08-27T21:45:01.969731Z";"1951"
"zaragoza";"94";"8";"2020-08-27T21:50:02.5655Z";"2538"
"zaragoza";"100";"8";"2020-08-27T21:55:01.755574Z";"1719"
"zaragoza";"104";"8";"2020-08-27T22:00:04.117095Z";"4079"
"zaragoza";"111";"8";"2020-08-27T22:05:01.709884Z";"1685"
"zaragoza";"115";"8";"2020-08-27T22:10:02.43343Z";"2418"
"zaragoza";"120";"8";"2020-08-27T22:15:02.190122Z";"2172"
"zaragoza";"128";"8";"2020-08-27T22:20:02.034407Z";"2001"
"zaragoza";"136";"8";"2020-08-27T22:25:01.801306Z";"1778"
"zaragoza";"144";"8";"2020-08-27T22:30:02.104647Z";"2046"
"zaragoza";"148";"8";"2020-08-27T22:35:01.748735Z";"1743"
"zaragoza";"155";"8";"2020-08-27T22:40:02.314257Z";"2297"
"zaragoza";"162";"8";"2020-08-27T22:45:02.033145Z";"2010"
"zaragoza";"169";"8";"2020-08-27T22:50:01.860533Z";"1842"
"zaragoza";"176";"8";"2020-08-27T22:55:02.504239Z";"2494"
"zaragoza";"182";"8";"2020-08-27T23:00:02.143778Z";"2102"
"zaragoza";"189";"8";"2020-08-27T23:05:02.787176Z";"2780"
"zaragoza";"195";"8";"2020-08-27T23:10:03.468526Z";"3422"
"zaragoza";"202";"8";"2020-08-27T23:15:04.114496Z";"4102"
"zaragoza";"209";"8";"2020-08-27T23:20:04.59369Z";"4580"
"zaragoza";"216";"8";"2020-08-27T23:25:03.855625Z";"3846"
"zaragoza";"220";"8";"2020-08-27T23:30:01.82225Z";"1798"
"zaragoza";"227";"8";"2020-08-27T23:35:02.335954Z";"2326"
"zaragoza";"235";"8";"2020-08-27T23:40:01.777745Z";"1749"
"zaragoza";"240";"8";"2020-08-27T23:45:02.666873Z";"2661"
"zaragoza";"247";"8";"2020-08-27T23:50:03.102926Z";"3084"
"zaragoza";"257";"8";"2020-08-27T23:55:04.889581Z";"4864"
"zaragoza";"262";"8";"2020-08-28T00:00:02.622117Z";"2606"
"zaragoza";"267";"8";"2020-08-28T00:05:01.687563Z";"1657"
"zaragoza";"274";"8";"2020-08-28T00:10:02.440169Z";"2421"
"zaragoza";"280";"8";"2020-08-28T00:15:02.901841Z";"2866"
"zaragoza";"285";"8";"2020-08-28T00:20:02.30552Z";"2294"
"zaragoza";"292";"8";"2020-08-28T00:25:02.927453Z";"2919"
"zaragoza";"299";"8";"2020-08-28T00:30:02.02222Z";"2000"
"zaragoza";"308";"8";"2020-08-28T00:35:01.796164Z";"1792"
"zaragoza";"315";"8";"2020-08-28T00:40:02.4509Z";"2436"
"zaragoza";"322";"8";"2020-08-28T00:45:02.693553Z";"2674"
"zaragoza";"327";"8";"2020-08-28T00:50:03.458228Z";"3431"
"zaragoza";"334";"8";"2020-08-28T00:55:01.837543Z";"1802"
"zaragoza";"337";"8";"2020-08-28T01:00:02.136957Z";"2120"
"zaragoza";"344";"8";"2020-08-28T01:05:02.884241Z";"2860"
"zaragoza";"353";"8";"2020-08-28T01:10:03.066482Z";"3046"
"zaragoza";"357";"8";"2020-08-28T01:15:02.873843Z";"2836"
"zaragoza";"364";"8";"2020-08-28T01:20:02.355969Z";"2318"
"zaragoza";"371";"8";"2020-08-28T01:25:03.795763Z";"3774"
"zaragoza";"376";"8";"2020-08-28T01:30:02.205924Z";"2199"
"zaragoza";"383";"8";"2020-08-28T01:35:01.669184Z";"1664"
"zaragoza";"390";"8";"2020-08-28T01:40:02.667644Z";"2642"
"zaragoza";"401";"8";"2020-08-28T01:45:04.606939Z";"4575"
"zaragoza";"403";"8";"2020-08-28T01:50:01.81136Z";"1742"
"zaragoza";"409";"8";"2020-08-28T01:55:05.80182Z";"5780"
"zaragoza";"415";"8";"2020-08-28T02:00:04.616756Z";"4593"
"zaragoza";"420";"8";"2020-08-28T02:05:02.479673Z";"2469"
"zaragoza";"427";"8";"2020-08-28T02:10:01.724435Z";"1707"
"zaragoza";"435";"8";"2020-08-28T02:15:02.574208Z";"2570"
"zaragoza";"442";"8";"2020-08-28T02:20:02.320342Z";"2300"
"zaragoza";"447";"8";"2020-08-28T02:25:01.96857Z";"1901"
"zaragoza";"456";"8";"2020-08-28T02:30:03.281999Z";"3277"
"zaragoza";"459";"8";"2020-08-28T02:35:01.945524Z";"1912"
"zaragoza";"463";"8";"2020-08-28T02:40:01.875173Z";"1832"
"zaragoza";"472";"8";"2020-08-28T02:45:02.130763Z";"2084"
"zaragoza";"477";"8";"2020-08-28T02:50:03.289637Z";"3272"
"zaragoza";"485";"8";"2020-08-28T02:55:01.859176Z";"1832"
"zaragoza";"493";"8";"2020-08-28T03:00:03.319966Z";"3300"
"zaragoza";"498";"8";"2020-08-28T03:05:02.406202Z";"2377"
"zaragoza";"504";"8";"2020-08-28T03:10:02.111704Z";"2084"
"zaragoza";"508";"8";"2020-08-28T03:15:02.117285Z";"2108"
"zaragoza";"513";"8";"2020-08-28T03:20:03.372036Z";"3354"
"zaragoza";"520";"8";"2020-08-28T03:25:03.614828Z";"3598"
"zaragoza";"526";"8";"2020-08-28T03:30:01.7927Z";"1776"
"zaragoza";"537";"8";"2020-08-28T03:40:02.430744Z";"2417"
"zaragoza";"546";"8";"2020-08-28T03:45:01.998681Z";"1966"
"zaragoza";"555";"8";"2020-08-28T03:50:01.747783Z";"1718"
"zaragoza";"562";"8";"2020-08-28T03:55:02.439509Z";"2419"
"zaragoza";"568";"8";"2020-08-28T04:00:02.343453Z";"2314"
"zaragoza";"571";"8";"2020-08-28T04:05:01.734775Z";"1727"
"zaragoza";"579";"8";"2020-08-28T04:10:03.345233Z";"3312"
"zaragoza";"584";"8";"2020-08-28T04:15:02.722513Z";"2705"
"zaragoza";"590";"8";"2020-08-28T04:20:02.096074Z";"2083"
"zaragoza";"597";"8";"2020-08-28T04:25:02.108315Z";"2095"
"zaragoza";"606";"8";"2020-08-28T04:30:02.439788Z";"2420"
"zaragoza";"612";"8";"2020-08-28T04:35:03.187274Z";"3145"
"zaragoza";"618";"8";"2020-08-28T04:40:06.287218Z";"6266"
"zaragoza";"625";"8";"2020-08-28T04:45:02.681586Z";"2655"
"zaragoza";"632";"8";"2020-08-28T04:50:03.242684Z";"3203"
"zaragoza";"637";"8";"2020-08-28T04:55:01.886758Z";"1875"
"zaragoza";"645";"8";"2020-08-28T05:00:03.100971Z";"3094"
"zaragoza";"650";"8";"2020-08-28T05:05:03.808737Z";"3774"
"zaragoza";"658";"8";"2020-08-28T05:10:02.047211Z";"2033"
"zaragoza";"664";"8";"2020-08-28T05:15:02.397797Z";"2371"
"zaragoza";"671";"8";"2020-08-28T05:20:04.335543Z";"4318"
"zaragoza";"682";"8";"2020-08-28T05:30:02.271002Z";"2253"
"zaragoza";"677";"8";"2020-08-28T05:25:02.045191Z";"2029"
"zaragoza";"689";"8";"2020-08-28T05:35:03.106089Z";"3069"
"zaragoza";"695";"8";"2020-08-28T05:40:03.165258Z";"3149"
"zaragoza";"708";"8";"2020-08-28T05:45:19.932329Z";"19918"
"zaragoza";"712";"8";"2020-08-28T05:50:03.857626Z";"3846"
"zaragoza";"715";"8";"2020-08-28T05:55:01.80284Z";"1792"
"zaragoza";"722";"8";"2020-08-28T06:00:05.762593Z";"5749"
"zaragoza";"730";"8";"2020-08-28T06:05:02.491014Z";"2462"
"zaragoza";"739";"8";"2020-08-28T06:10:09.289463Z";"9276"
"zaragoza";"746";"8";"2020-08-28T06:15:23.847314Z";"23838"
"zaragoza";"752";"8";"2020-08-28T06:20:16.367702Z";"16353"
"zaragoza";"756";"8";"2020-08-28T06:25:09.899388Z";"9878"
"zaragoza";"775";"8";"2020-08-28T06:40:26.153299Z";"26130"
"zaragoza";"783";"8";"2020-08-28T06:45:25.460504Z";"25437"
"zaragoza";"787";"8";"2020-08-28T06:50:03.346466Z";"3334"
"zaragoza";"795";"8";"2020-08-28T06:55:34.978878Z";"34973"
"zaragoza";"800";"8";"2020-08-28T07:00:09.481872Z";"9457"
"zaragoza";"808";"8";"2020-08-28T07:05:13.945649Z";"13901"
"zaragoza";"814";"8";"2020-08-28T07:10:08.64621Z";"8609"
"zaragoza";"823";"8";"2020-08-28T07:15:17.631363Z";"17605"
"zaragoza";"830";"8";"2020-08-28T07:20:38.181708Z";"38171"
"zaragoza";"835";"8";"2020-08-28T07:25:13.003176Z";"12998"
"zaragoza";"841";"8";"2020-08-28T07:30:26.026084Z";"26001"
"zaragoza";"845";"8";"2020-08-28T07:35:10.772478Z";"10737"
"zaragoza";"854";"8";"2020-08-28T07:40:28.933355Z";"28869"
"zaragoza";"858";"8";"2020-08-28T07:45:04.365996Z";"4344"
"zaragoza";"866";"8";"2020-08-28T07:50:31.639283Z";"31630"
"zaragoza";"873";"8";"2020-08-28T07:55:29.450373Z";"29434"
"zaragoza";"879";"8";"2020-08-28T08:00:14.403369Z";"14394"
"zaragoza";"881";"8";"2020-08-28T08:05:02.241361Z";"2228"
"zaragoza";"891";"8";"2020-08-28T08:10:02.449239Z";"2430"
"zaragoza";"896";"8";"2020-08-28T08:15:03.567738Z";"3522"
"zaragoza";"904";"8";"2020-08-28T08:20:06.187706Z";"6176"
"zaragoza";"908";"8";"2020-08-28T08:25:06.020484Z";"6016"
"zaragoza";"915";"8";"2020-08-28T08:30:03.278805Z";"3268"
"zaragoza";"922";"8";"2020-08-28T08:35:04.23306Z";"4205"
"zaragoza";"929";"8";"2020-08-28T08:40:04.06495Z";"4039"
"zaragoza";"933";"8";"2020-08-28T08:45:03.437195Z";"3412"
"zaragoza";"943";"8";"2020-08-28T08:50:05.648235Z";"5611"
"zaragoza";"949";"8";"2020-08-28T08:55:04.083548Z";"4065"
"zaragoza";"952";"8";"2020-08-28T09:00:04.103747Z";"4093"
"zaragoza";"957";"8";"2020-08-28T09:05:02.203072Z";"2180"
"zaragoza";"968";"8";"2020-08-28T09:10:11.726473Z";"11718"
"zaragoza";"970";"8";"2020-08-28T09:15:04.131437Z";"4118"
"zaragoza";"976";"8";"2020-08-28T09:20:03.519315Z";"3498"
"zaragoza";"984";"8";"2020-08-28T09:25:03.669765Z";"3664"
"zaragoza";"990";"8";"2020-08-28T09:30:04.956108Z";"4922"
"zaragoza";"1003";"8";"2020-08-28T09:35:26.41324Z";"26399"
"zaragoza";"1006";"8";"2020-08-28T09:40:03.543504Z";"3535"
"zaragoza";"1018";"8";"2020-08-28T09:50:09.259213Z";"9255"
"zaragoza";"1023";"8";"2020-08-28T09:55:07.490183Z";"7480"
"zaragoza";"1032";"8";"2020-08-28T10:00:06.715329Z";"6690"
"zaragoza";"1039";"8";"2020-08-28T10:05:07.717875Z";"7681"
"zaragoza";"1044";"8";"2020-08-28T10:10:03.431369Z";"3426"
"zaragoza";"1053";"8";"2020-08-28T10:20:02.697362Z";"2680"
"zaragoza";"1064";"8";"2020-08-28T10:25:12.259465Z";"12240"
"zaragoza";"1071";"8";"2020-08-28T10:30:07.849685Z";"7815"
"zaragoza";"1078";"8";"2020-08-28T10:35:17.273085Z";"17264"
"zaragoza";"1083";"8";"2020-08-28T10:40:22.904544Z";"22887"
"zaragoza";"1088";"8";"2020-08-28T10:45:20.425037Z";"20405"
"zaragoza";"1092";"8";"2020-08-28T10:50:03.590949Z";"3571"
"zaragoza";"1099";"8";"2020-08-28T10:55:16.897174Z";"16820"
"zaragoza";"1107";"8";"2020-08-28T11:00:15.394763Z";"15376"
"zaragoza";"1112";"8";"2020-08-28T11:05:09.944014Z";"9919"
"zaragoza";"1121";"8";"2020-08-28T11:10:41.798783Z";"41791"
"zaragoza";"1136";"8";"2020-08-28T11:20:29.249852Z";"29225"
"zaragoza";"1140";"8";"2020-08-28T11:25:08.613475Z";"8601"
"zaragoza";"1147";"8";"2020-08-28T11:30:13.868878Z";"13855"
"zaragoza";"1151";"8";"2020-08-28T11:35:16.520309Z";"16514"
"zaragoza";"1173";"8";"2020-08-28T11:50:30.917185Z";"30903"
"zaragoza";"1176";"8";"2020-08-28T11:55:02.951997Z";"2938"
"zaragoza";"1156";"8";"2020-08-28T11:40:22.92362Z";"22904"
"zaragoza";"1162";"8";"2020-08-28T11:45:19.8425Z";"19827"
"zaragoza";"1183";"8";"2020-08-28T12:00:03.402472Z";"3383"
"zaragoza";"1189";"8";"2020-08-28T12:05:02.558877Z";"2544"
"zaragoza";"1195";"8";"2020-08-28T12:10:06.523434Z";"6498"
"zaragoza";"1199";"8";"2020-08-28T12:15:11.109721Z";"11077"
"zaragoza";"1203";"8";"2020-08-28T12:20:04.783042Z";"4775"
"zaragoza";"1211";"8";"2020-08-28T12:25:03.947601Z";"3914"
"zaragoza";"1219";"8";"2020-08-28T12:30:04.536409Z";"4493"
"zaragoza";"1224";"8";"2020-08-28T12:35:02.227458Z";"2198"
"zaragoza";"1230";"8";"2020-08-28T12:40:05.414277Z";"5404"
"zaragoza";"1233";"8";"2020-08-28T12:45:03.103184Z";"3087"
"zaragoza";"1242";"8";"2020-08-28T12:50:02.076739Z";"2071"
"zaragoza";"1247";"8";"2020-08-28T12:55:03.220634Z";"3208"
"zaragoza";"1257";"8";"2020-08-28T13:00:02.319789Z";"2286"
"zaragoza";"1265";"8";"2020-08-28T13:05:04.051305Z";"4032"
"zaragoza";"1271";"8";"2020-08-28T13:10:02.301633Z";"2288"
"zaragoza";"1275";"8";"2020-08-28T13:15:02.452975Z";"2441"
"zaragoza";"1281";"8";"2020-08-28T13:20:02.753288Z";"2724"
"zaragoza";"1289";"8";"2020-08-28T13:25:02.231735Z";"2221"
"zaragoza";"1295";"8";"2020-08-28T13:30:03.212134Z";"3186"
"zaragoza";"1300";"8";"2020-08-28T13:35:01.872863Z";"1865"
"zaragoza";"1305";"8";"2020-08-28T13:40:02.068141Z";"2053"
"zaragoza";"1315";"8";"2020-08-28T13:45:03.353905Z";"3331"
"zaragoza";"1322";"8";"2020-08-28T13:50:02.294196Z";"2273"
"zaragoza";"1329";"8";"2020-08-28T13:55:02.393649Z";"2380"
"zaragoza";"1342";"8";"2020-08-28T14:05:01.98369Z";"1965"
"zaragoza";"1348";"8";"2020-08-28T14:10:01.882361Z";"1872"
"zaragoza";"1355";"8";"2020-08-28T14:15:02.688391Z";"2657"
"zaragoza";"1360";"8";"2020-08-28T14:20:02.33068Z";"2280"
"zaragoza";"1367";"8";"2020-08-28T14:25:02.652738Z";"2626"
"zaragoza";"1374";"8";"2020-08-28T14:30:02.10034Z";"2075"
"zaragoza";"1379";"8";"2020-08-28T14:35:02.125495Z";"2084"
"zaragoza";"1388";"8";"2020-08-28T14:40:02.291175Z";"2270"
"zaragoza";"1395";"8";"2020-08-28T14:45:01.902297Z";"1893"
"zaragoza";"1403";"8";"2020-08-28T14:50:01.963799Z";"1941"
"zaragoza";"1410";"8";"2020-08-28T14:55:01.919973Z";"1898"
"zaragoza";"1417";"8";"2020-08-28T15:00:02.047514Z";"2012"
"zaragoza";"1420";"8";"2020-08-28T15:05:02.605059Z";"2601"
"zaragoza";"1425";"8";"2020-08-28T15:10:02.055342Z";"2033"
"zaragoza";"1431";"8";"2020-08-28T15:15:01.782137Z";"1759"
"zaragoza";"1438";"8";"2020-08-28T15:20:02.260898Z";"2250"
"zaragoza";"1444";"8";"2020-08-28T15:25:02.228167Z";"2177"
"zaragoza";"1453";"8";"2020-08-28T15:30:02.229752Z";"2197"
"zaragoza";"1462";"8";"2020-08-28T15:35:01.945481Z";"1918"
"zaragoza";"1468";"8";"2020-08-28T15:40:01.9959Z";"1974"
"zaragoza";"1474";"8";"2020-08-28T15:45:02.132514Z";"2116"
"zaragoza";"1480";"8";"2020-08-28T15:50:02.325202Z";"2296"
"zaragoza";"1486";"8";"2020-08-28T15:55:02.135353Z";"2095"
"zaragoza";"1491";"8";"2020-08-28T16:00:02.37094Z";"2355"
"zaragoza";"1504";"8";"2020-08-28T16:10:02.28531Z";"2272"
"zaragoza";"1522";"8";"2020-08-28T16:25:01.857521Z";"1838"
"zaragoza";"1498";"8";"2020-08-28T16:05:03.610846Z";"3598"
"zaragoza";"1515";"8";"2020-08-28T16:20:05.136027Z";"5132"
"zaragoza";"1512";"8";"2020-08-28T16:15:04.480477Z";"4456"